avg_norm_adj,avg_norm_g,avg_norm_grads_f,avg_norm_k,avg_norm_k_dot_g,entropy,explained_variance,fps,loss,loss_bc,loss_f,loss_policy,loss_q,mean_episode_length,mean_episode_reward,norm_grads,norm_grads_policy,norm_grads_q,total_timesteps
1.0080757141113281,26.398656845092773,25.874847412109375,3.872925281524658,26.386260986328125,2.7080283164978027,-0.056563496589660645,0,0.9721266627311707,-0.0,-0.9219091534614563,-0.9219091534614563,3.8422322273254395,0,0,2.782874584197998,1.4817897081375122,2.3557722568511963,0
0.36775726079940796,14.915887832641602,14.722024917602539,3.8738129138946533,14.950411796569824,2.7079286575317383,-0.10076236724853516,2018,1.0146218538284302,-0.0,0.5305100679397583,0.5305100679397583,1.0223822593688965,84.75,-0.9626362331211566,1.7271654605865479,0.8379095196723938,1.5094510316848755,8000
0.4572904706001282,12.37457275390625,12.133323669433594,3.8734240531921387,12.390085220336914,2.7079572677612305,-0.06620991230010986,2903,-0.13949649035930634,-0.0,-0.4435292184352875,-0.4435292184352875,0.6622245907783508,84.975,-0.5388777554035187,0.920581579208374,0.4655485153198242,0.7931801676750183,16000
0.37897565960884094,10.089570999145508,9.887600898742676,3.873493194580078,10.080511093139648,2.7079365253448486,-0.10144901275634766,3373,-0.22485269606113434,-0.0,-0.4455183446407318,-0.4455183446407318,0.49549001455307007,78.725,-0.41175211742520335,1.084412932395935,0.6281154155731201,0.8843826651573181,24000
0.4719473421573639,10.459993362426758,10.208877563476562,3.8732380867004395,10.429227828979492,2.7079522609710693,-0.10065960884094238,3654,-0.7097164988517761,-0.0,-0.9096120595932007,-0.9096120595932007,0.45395010709762573,72.275,-1.157798132300377,1.2355866432189941,0.5800126791000366,1.0914143323898315,32000
0.5177185535430908,10.823747634887695,10.551996231079102,3.873129367828369,10.81709098815918,2.7079806327819824,-0.04927515983581543,3834,-0.7626309394836426,-0.0,-1.0607185363769531,-1.0607185363769531,0.6503347754478455,83.175,-1.084358973801136,0.9873267412185669,0.4415188729763031,0.8818056583404541,40000
0.25415271520614624,7.41202449798584,7.276353359222412,3.873157501220703,7.455889701843262,2.70798921585083,-0.04670882225036621,3962,-0.0763959139585495,-0.0,-0.2014751136302948,-0.2014751136302948,0.3043181896209717,81.425,-1.9917029924690723,0.43449318408966064,0.3037700057029724,0.31158632040023804,48000
0.22131094336509705,5.768216609954834,5.647378444671631,3.8733577728271484,5.758124351501465,2.707947254180908,-0.033596158027648926,4058,-0.3219626545906067,-0.0,-0.3791666626930237,-0.3791666626930237,0.1685669720172882,76.3,-1.2033792912960053,0.37219762802124023,0.2573031187057495,0.269448846578598,56000
0.21593527495861053,5.112085342407227,4.9945478439331055,3.8736324310302734,5.0845627784729,2.707886219024658,-0.01618492603302002,4131,-0.42688220739364624,-0.0,-0.4714249074459076,-0.4714249074459076,0.14324316382408142,82.3,-0.818980573117733,0.35331350564956665,0.1680745929479599,0.3108748495578766,64000
0.4280516505241394,8.47976016998291,8.253091812133789,3.873411178588867,8.452054977416992,2.707916259765625,-0.056725382804870605,4187,-0.8000906109809875,-0.0,-1.0156604051589966,-1.0156604051589966,0.48529791831970215,92.4,-0.9965108655393123,0.7048099637031555,0.38349518179893494,0.5913142561912537,72000
0.19219592213630676,4.918756008148193,4.813384056091309,3.8735432624816895,4.912018775939941,2.707869529724121,-0.09488797187805176,4233,-0.32587099075317383,-0.0,-0.3636969029903412,-0.3636969029903412,0.1298091858625412,88.675,-0.9653943762183189,0.3506186008453369,0.22989000380039215,0.26424452662467957,80000
0.13831108808517456,5.093279838562012,5.019773483276367,3.873927354812622,5.188974857330322,2.707777738571167,0.04437357187271118,4273,0.12567736208438873,-0.0,0.06678633391857147,0.06678633391857147,0.17193761467933655,81.625,-0.9793743170797825,0.4680715501308441,0.3501765727996826,0.31003472208976746,88000
0.15980981290340424,4.635692596435547,4.548588752746582,3.8740997314453125,4.618932247161865,2.7077689170837402,-0.024352431297302246,4308,-0.1942267268896103,-0.0,-0.23358118534088135,-0.23358118534088135,0.13286428153514862,84.175,-1.1675750024616718,0.29871267080307007,0.18538214266300201,0.2343306988477707,96000
0.09194452315568924,4.582388877868652,4.5316691398620605,3.8751518726348877,4.638364791870117,2.7075533866882324,-0.06225097179412842,4338,0.20536738634109497,-0.0,0.1736820638179779,0.1736820638179779,0.11752168834209442,86.0,-1.3076259724795818,0.3519231379032135,0.21964970231056213,0.2742898166179657,104000
0.341472327709198,7.741635799407959,7.559596061706543,3.8760437965393066,7.7105889320373535,2.7073237895965576,0.09304612874984741,4362,-0.5607963800430298,-0.0,-0.6850809454917908,-0.6850809454917908,0.3027157187461853,82.725,-0.887354201823473,0.9363041520118713,0.4587360918521881,0.819683313369751,112000
0.09287761151790619,3.333681583404541,3.282710552215576,3.8761658668518066,3.403247833251953,2.7071986198425293,-0.047110557556152344,4382,-0.023896556347608566,-0.0,-0.03215572237968445,-0.03215572237968445,0.07066230475902557,84.25,-1.0041069999337195,0.2151235044002533,0.15147839486598969,0.15274754166603088,120000
0.33709460496902466,7.373709201812744,7.193131923675537,3.878380537033081,7.4372711181640625,2.7069363594055176,-0.0388563871383667,4403,-0.5478795170783997,-0.0,-0.6692855954170227,-0.6692855954170227,0.2969508767127991,83.45,-1.117749424278736,0.6060013175010681,0.3371734917163849,0.4954756200313568,128000
0.06456522643566132,3.8718974590301514,3.834829330444336,3.8829758167266846,3.888183116912842,2.7060563564300537,0.05201596021652222,4422,0.18219338357448578,-0.0,0.17200259864330292,0.17200259864330292,0.07450270652770996,83.275,-0.8514112375676632,0.2706373333930969,0.17487289011478424,0.20671983063220978,136000
0.15635542571544647,4.953277587890625,4.8690643310546875,3.88556170463562,4.967080116271973,2.7055134773254395,0.025439441204071045,4438,-0.1027342900633812,-0.0,-0.14831696450710297,-0.14831696450710297,0.14527562260627747,74.6,-1.049592550843954,0.4959619641304016,0.35367536544799805,0.3493573069572449,144000
0.3138316869735718,8.321179389953613,8.154563903808594,3.8840861320495605,8.362336158752441,2.7052931785583496,-0.015496492385864258,4453,-0.24089866876602173,-0.0,-0.3792875409126282,-0.3792875409126282,0.33088359236717224,88.75,-1.2645175151526928,0.5787001848220825,0.34856370091438293,0.46164974570274353,152000
0.1333620846271515,4.719557285308838,4.645802974700928,3.895961046218872,4.784546852111816,2.7031757831573486,0.14441132545471191,4464,-0.017809927463531494,-0.0,-0.04969225451350212,-0.04969225451350212,0.11782816797494888,77.05,-1.1298430919647218,0.45343008637428284,0.3207207918167114,0.32201945781707764,160000
0.20542404055595398,5.690053462982178,5.580414772033691,3.89727783203125,5.685719966888428,2.6988601684570312,0.07297772169113159,4360,-0.2213098704814911,-0.0,-0.29131942987442017,-0.29131942987442017,0.19399631023406982,73.825,-0.8674879334867001,0.6137406229972839,0.42413777112960815,0.4575689136981964,168000
0.24835875630378723,5.593918323516846,5.4601521492004395,3.9119410514831543,5.677495956420898,2.692631483078003,-0.014997720718383789,4305,-0.41473865509033203,-0.0,-0.5059667825698853,-0.5059667825698853,0.23630885779857635,70.425,-0.9986973747611045,0.4830971956253052,0.25994163751602173,0.40621745586395264,176000
0.2492029219865799,6.810764312744141,6.677550315856934,3.9073376655578613,6.927886009216309,2.6863338947296143,-0.02105128765106201,4241,-0.15255913138389587,-0.0,-0.2643500864505768,-0.2643500864505768,0.2773085832595825,79.45,-1.1311494402587414,0.42537763714790344,0.3032645583152771,0.29864341020584106,184000
0.06502288579940796,3.5565972328186035,3.5181779861450195,3.9916255474090576,3.660984754562378,2.664048671722412,0.07670342922210693,4174,0.12768034636974335,-0.0,0.12063922733068466,0.12063922733068466,0.0673632025718689,77.85,-1.0686503596603871,0.2795473039150238,0.17222803831100464,0.22612950205802917,192000
0.1799100637435913,4.9165239334106445,4.819711685180664,3.8741307258605957,4.941784858703613,2.6864981651306152,-0.0012341737747192383,4097,-0.19370555877685547,-0.0,-0.24811148643493652,-0.24811148643493652,0.16254180669784546,80.2,-0.5850546941161155,0.16407424211502075,0.10797259211540222,0.11439064145088196,200000
0.13737758994102478,3.7303123474121094,3.6552820205688477,3.8976409435272217,3.795194149017334,2.673734188079834,0.17261624336242676,4032,-0.2032013088464737,-0.0,-0.23559537529945374,-0.23559537529945374,0.11826281249523163,75.125,-0.7177270293235779,0.23256054520606995,0.1486370861530304,0.20280735194683075,208000
0.18281517922878265,4.9245452880859375,4.825554370880127,3.8801887035369873,5.050813674926758,2.6717143058776855,-0.013705253601074219,3988,-0.14776502549648285,-0.0,-0.20265302062034607,-0.20265302062034607,0.16321028769016266,77.075,-0.6730214416980743,0.20986464619636536,0.11792644113302231,0.15550225973129272,216000
0.0947268158197403,3.8932223320007324,3.841521978378296,3.9211273193359375,3.9106364250183105,2.6565566062927246,0.025293469429016113,3944,0.030415603891015053,-0.0,0.006668150424957275,0.006668150424957275,0.10062603652477264,77.925,-0.7950714722275734,0.1348002701997757,0.10639169067144394,0.11457644402980804,224000
0.2480628490447998,6.618796348571777,6.488824367523193,3.9759902954101562,6.815782070159912,2.644684076309204,-0.03301405906677246,3904,-0.05171588808298111,-0.0,-0.20290915668010712,-0.20290915668010712,0.35528022050857544,82.9,-0.9184973455965519,0.39705750346183777,0.26601773500442505,0.23354077339172363,232000
0.1163213849067688,3.8548545837402344,3.793185234069824,3.827838182449341,3.8793258666992188,2.6666977405548096,-0.020995378494262695,3854,-0.0013676080852746964,-0.0,-0.02732362411916256,-0.02732362411916256,0.10524598509073257,74.525,-0.7457525976002216,0.09511524438858032,0.065005823969841,0.06497480720281601,240000
0.26872724294662476,6.776051998138428,6.631903648376465,3.8954150676727295,6.962183475494385,2.6566147804260254,0.07127368450164795,3827,-0.16249841451644897,-0.0,-0.3252369463443756,-0.3252369463443756,0.3786093592643738,79.45,-0.6943637661635875,0.35623854398727417,0.2011096179485321,0.30722030997276306,248000
0.11145645380020142,3.894331455230713,3.8349640369415283,4.064370155334473,4.026242256164551,2.6456542015075684,0.1781575083732605,3794,0.0030264966189861298,-0.0,-0.02946748211979866,-0.02946748211979866,0.1179010421037674,77.35,-0.6858057215809822,0.17381979525089264,0.1033753827214241,0.13203567266464233,256000
0.009846268221735954,2.507445812225342,2.501199722290039,4.002349376678467,2.712136745452881,2.629477024078369,0.13445472717285156,3768,0.29674237966537476,-0.0,0.30835309624671936,0.30835309624671936,0.029368126764893532,84.925,-0.14404987543821335,0.19757625460624695,0.041940443217754364,0.18088196218013763,264000
0.18880745768547058,5.217021942138672,5.116401672363281,4.089771747589111,5.3217387199401855,2.6290314197540283,0.10425668954849243,3750,-0.3046618103981018,-0.0,-0.38595935702323914,-0.38595935702323914,0.21517574787139893,72.65,-0.4581075794994831,0.26995933055877686,0.2053302526473999,0.3257881999015808,272000
0.02966729924082756,2.671422243118286,2.6553215980529785,3.9743080139160156,2.8957037925720215,2.6355650424957275,0.01518326997756958,3727,0.268171101808548,-0.0,0.27212581038475037,0.27212581038475037,0.04480190947651863,77.525,-0.6613807640969753,0.16478721797466278,0.05214320868253708,0.16209016740322113,280000
0.08654859662055969,3.2318711280822754,3.1857972145080566,3.942185878753662,3.359870195388794,2.625922441482544,0.11801338195800781,3701,0.047469109296798706,-0.0,0.018865937367081642,0.018865937367081642,0.10972478240728378,75.7,-0.9338330529630184,0.13488146662712097,0.08915790915489197,0.12314139306545258,288000
0.1149073988199234,4.534193992614746,4.455420017242432,4.278105735778809,5.382557392120361,2.5851900577545166,0.2567579746246338,3685,0.3018612563610077,-0.0,0.27356329560279846,0.27356329560279846,0.10829971730709076,76.675,-0.6221311658620834,0.20717059075832367,0.15317034721374512,0.2139890193939209,296000
0.09021547436714172,3.0674901008605957,3.020364999771118,3.8934459686279297,3.1511378288269043,2.6483166217803955,-0.007337331771850586,3662,-0.03226550668478012,-0.0,-0.05734758451581001,-0.05734758451581001,0.10313048213720322,77.6,-0.6575048439204693,0.17419378459453583,0.16550083458423615,0.10846175998449326,304000
0.06308923661708832,3.763566493988037,3.730513572692871,3.8330490589141846,3.868300676345825,2.662142276763916,0.0471646785736084,3638,0.29962074756622314,-0.0,0.2835366129875183,0.2835366129875183,0.08541111648082733,72.6,-0.4326393686234951,0.12933146953582764,0.06362186372280121,0.1305730938911438,312000
0.32163459062576294,7.444265842437744,7.274873733520508,3.8762221336364746,7.367422580718994,2.6453375816345215,0.15234506130218506,3615,-0.4342135488986969,-0.0,-0.5688432455062866,-0.5688432455062866,0.3221661448478699,69.325,-0.7422211311757565,0.46390241384506226,0.17531198263168335,0.37850162386894226,320000
0.07533963024616241,2.88183331489563,2.8424370288848877,3.8377792835235596,2.9604554176330566,2.665194272994995,0.03757756948471069,3597,0.0507824569940567,-0.0,0.03575820475816727,0.03575820475816727,0.08335238695144653,74.7,-0.583026584982872,0.09191771596670151,0.0684577226638794,0.06726362556219101,328000
0.3173404932022095,7.415550231933594,7.250449180603027,3.894317150115967,7.458505153656006,2.6388418674468994,0.2027713656425476,3586,-0.2336249202489853,-0.0,-0.3766865134239197,-0.3766865134239197,0.33890002965927124,70.6,-0.608059736341238,0.5136127471923828,0.23575034737586975,0.3941395878791809,336000
0.07838262617588043,3.5471622943878174,3.5057411193847656,3.8386077880859375,3.576244354248047,2.656057834625244,0.09360456466674805,3564,0.10228666663169861,-0.0,0.07832573354244232,0.07832573354244232,0.10104303061962128,79.75,-0.7010611914098263,0.13905739784240723,0.09423274546861649,0.0880756750702858,344000
0.0900784581899643,4.777333736419678,4.728615760803223,3.9586663246154785,5.03678035736084,2.637575626373291,0.10671985149383545,3544,0.32545578479766846,-0.0,0.282792866230011,0.282792866230011,0.13807734847068787,80.725,-0.7259021617472172,0.1907804161310196,0.08728134632110596,0.1701604574918747,352000
0.0815916657447815,3.816746950149536,3.772517204284668,3.9459776878356934,4.0069499015808105,2.630479574203491,0.2669207453727722,3525,0.11464972794055939,-0.0,0.09338327497243881,0.09338327497243881,0.09514251351356506,70.325,-0.33519508615136145,0.2623119652271271,0.14395791292190552,0.17586490511894226,360000
0.11386682838201523,4.846401214599609,4.786434173583984,3.928041458129883,4.936484336853027,2.6389012336730957,0.03814417123794556,3512,0.1616799384355545,-0.0,0.1083042249083519,0.1083042249083519,0.15952947735786438,74.875,-0.5332634389400482,0.2097003310918808,0.11350338160991669,0.1701948493719101,368000
0.10713452100753784,3.775111436843872,3.7145352363586426,4.0756025314331055,3.9673209190368652,2.6217968463897705,0.053470075130462646,3501,-0.09030357003211975,-0.0,-0.13517403602600098,-0.13517403602600098,0.14217686653137207,80.575,-0.5798527486622334,0.2780742645263672,0.1828768253326416,0.24820958077907562,376000
0.05410422757267952,3.5729165077209473,3.544316530227661,3.934276580810547,3.662097454071045,2.634854793548584,0.048644423484802246,3491,0.255616158246994,-0.0,0.23265473544597626,0.23265473544597626,0.09861995279788971,75.825,-0.825558889657259,0.18922078609466553,0.09294922649860382,0.1912059187889099,384000
0.38730180263519287,7.676680564880371,7.474492073059082,3.930091381072998,7.661500453948975,2.6247029304504395,0.2035771608352661,3475,-0.6457055807113647,-0.0,-0.7826966047286987,-0.7826966047286987,0.32647615671157837,74.55,-0.7238704964518548,0.7192954421043396,0.23346659541130066,0.6135983467102051,392000
0.16350601613521576,4.696469783782959,4.609292984008789,3.9045562744140625,4.767672538757324,2.6256299018859863,-0.004668831825256348,3465,-0.1244213804602623,-0.0,-0.19784574210643768,-0.19784574210643768,0.19936132431030273,74.75,-0.6544699959456921,0.1952301561832428,0.12834669649600983,0.16862452030181885,400000
0.06797023117542267,2.975161075592041,2.9376790523529053,3.8531620502471924,3.057922124862671,2.6440505981445312,0.25086939334869385,3457,0.06200932338833809,-0.0,0.049643803387880325,0.049643803387880325,0.07761204987764359,80.625,-1.3570671074092389,0.18853604793548584,0.10442929714918137,0.18040457367897034,408000
0.0898156389594078,3.264871120452881,3.2177157402038574,3.9115302562713623,3.369929552078247,2.6308491230010986,0.25815582275390625,3454,-0.009618723765015602,-0.0,-0.03834301233291626,-0.03834301233291626,0.11006555706262589,74.85,-0.6328261107206344,0.154352605342865,0.09911657869815826,0.12287086248397827,416000
0.019628627225756645,2.51133394241333,2.498789072036743,4.040347099304199,2.6616249084472656,2.6205859184265137,0.33086466789245605,3446,0.21335451304912567,-0.0,0.220482736825943,0.220482736825943,0.03815525025129318,75.675,-0.7045249573886394,0.13633374869823456,0.04637681320309639,0.12012862414121628,424000
0.022671693935990334,2.995786428451538,2.982792854309082,3.8763866424560547,3.0776851177215576,2.6376538276672363,0.3199767470359802,3442,0.3166517913341522,-0.0,0.32332175970077515,0.32332175970077515,0.03941316157579422,77.475,-0.5414112918078899,0.2504996061325073,0.0435187965631485,0.2410595417022705,432000
0.21321041882038116,6.397749900817871,6.282890319824219,3.9215755462646484,6.473268032073975,2.626026153564453,0.17455315589904785,3429,-0.11726172268390656,-0.0,-0.18608632683753967,-0.18608632683753967,0.19016973674297333,73.95,-0.6374074175953865,0.3817864656448364,0.14770150184631348,0.3330138921737671,440000
0.028274456039071083,2.9179978370666504,2.9017491340637207,3.908942461013794,3.0110583305358887,2.6288204193115234,0.3185204267501831,3428,0.2529483437538147,-0.0,0.25982123613357544,0.25982123613357544,0.03883061930537224,74.0,-1.016784230619669,0.18547126650810242,0.06743357330560684,0.19752663373947144,448000
0.0705316960811615,3.818634033203125,3.780837059020996,3.864833116531372,3.8658652305603027,2.633720874786377,0.38215285539627075,3423,0.19737431406974792,-0.0,0.18905961513519287,0.18905961513519287,0.06930382549762726,71.65,-0.5571003422141075,0.24738499522209167,0.08532368391752243,0.2612383961677551,456000
0.15336617827415466,4.335023403167725,4.24894380569458,3.9797744750976562,4.502921104431152,2.6097185611724854,0.3049773573875427,3414,-0.1124366819858551,-0.0,-0.14174465835094452,-0.14174465835094452,0.11081032454967499,72.35,-0.35587348267436025,0.24464979767799377,0.10205196589231491,0.19957473874092102,464000
0.12476160377264023,5.034543037414551,4.968005657196045,3.8886425495147705,5.113376140594482,2.627342939376831,0.3605346083641052,3406,0.06647248566150665,-0.0,0.0252922922372818,0.0252922922372818,0.13490724563598633,70.9,-0.6431068234145642,0.19637936353683472,0.14266647398471832,0.15934410691261292,472000
0.06419170647859573,4.161223888397217,4.1254377365112305,3.9062881469726562,4.323556423187256,2.6375269889831543,0.10758262872695923,3398,0.2610875070095062,-0.0,0.2470044195652008,0.2470044195652008,0.08091668039560318,71.325,-0.5490925550460816,0.23974379897117615,0.11617004871368408,0.19120684266090393,480000
0.09036117792129517,3.702305555343628,3.6529083251953125,3.8771770000457764,3.787532091140747,2.6360416412353516,0.08576244115829468,3392,0.080048106610775,-0.0,0.05125061795115471,0.05125061795115471,0.11031581461429596,79.925,-0.28701541721820834,0.16994154453277588,0.09284574538469315,0.13673661649227142,488000
0.11690239608287811,4.85603141784668,4.788722038269043,4.003382682800293,5.16091251373291,2.5975239276885986,0.5196510553359985,3391,0.19742591679096222,-0.0,0.1652258187532425,0.1652258187532425,0.1163506954908371,74.025,-0.5628896191716194,0.25363337993621826,0.12052652984857559,0.2232162207365036,496000
0.24753709137439728,6.273232460021973,6.1326904296875,4.0540771484375,6.633155822753906,2.601372241973877,0.3815271258354187,3384,-0.4105152487754822,-0.0,-0.5266397595405579,-0.5266397595405579,0.28427645564079285,79.45,-0.4682331345975399,0.6051836609840393,0.2716394364833832,0.5582269430160522,504000
0.1971716284751892,6.318174839019775,6.215264797210693,3.862879514694214,6.316431999206543,2.630599021911621,0.14579802751541138,3377,-0.050226449966430664,-0.0,-0.11870415508747101,-0.11870415508747101,0.18956738710403442,69.925,-0.33636383786797525,0.45741894841194153,0.14976365864276886,0.3786376714706421,512000
0.0397992841899395,2.7710893154144287,2.7483458518981934,4.141397476196289,2.9443795680999756,2.5881192684173584,0.48750388622283936,3372,0.1724625825881958,-0.0,0.17890647053718567,0.17890647053718567,0.03887460008263588,80.0,-0.4691543348133564,0.2275366336107254,0.09049173444509506,0.21056176722049713,520000
0.040351271629333496,3.4617671966552734,3.438971519470215,4.036202430725098,3.6246750354766846,2.577993869781494,0.27396076917648315,3367,0.294461727142334,-0.0,0.28467488288879395,0.28467488288879395,0.071133553981781,77.85,-0.4701289013028145,0.4739900529384613,0.1116645410656929,0.4391704499721527,528000
0.06399935483932495,3.8844218254089355,3.849275588989258,3.9002723693847656,4.040267467498779,2.622938871383667,0.4425143599510193,3361,0.262453556060791,-0.0,0.2416837215423584,0.2416837215423584,0.09399844706058502,73.3,-0.7969317741692066,0.2217443287372589,0.11046325415372849,0.19064034521579742,536000
0.03480369597673416,3.716078519821167,3.6951744556427,4.0017781257629395,3.8295886516571045,2.6093897819519043,0.14426672458648682,3359,0.35164153575897217,-0.0,0.34696704149246216,0.34696704149246216,0.06153677776455879,78.425,-0.75043740645051,0.32448410987854004,0.08550053089857101,0.3052375912666321,544000
0.13426215946674347,4.007697105407715,3.938229560852051,3.8349101543426514,3.927224636077881,2.618940830230713,0.20391607284545898,3358,-0.07199698686599731,-0.0,-0.08479489386081696,-0.08479489386081696,0.07797463238239288,74.2,-0.7269900858402252,0.2190026044845581,0.1241031363606453,0.16708147525787354,552000
0.12062430381774902,4.875443458557129,4.804495811462402,4.043130874633789,5.378891468048096,2.585312604904175,0.6802537441253662,3353,0.04114886373281479,-0.0,0.018247045576572418,0.018247045576572418,0.09750989079475403,70.075,-0.2791423849761486,0.4292697310447693,0.11679399013519287,0.42576542496681213,560000
0.15692251920700073,3.9660401344299316,3.880897045135498,3.8003642559051514,3.9041004180908203,2.6292724609375,0.4699999690055847,3348,-0.31629663705825806,-0.0,-0.3892833888530731,-0.3892833888530731,0.19855892658233643,75.55,-0.8633703641593456,0.4356978237628937,0.19611462950706482,0.5012072920799255,568000
0.059153784066438675,3.4710755348205566,3.4353761672973633,4.133076190948486,3.7510318756103516,2.596487045288086,0.3691254258155823,3345,0.10469202697277069,-0.0,0.09763716161251068,0.09763716161251068,0.06603948771953583,71.425,-0.7917919896543026,0.20320026576519012,0.13454751670360565,0.185577392578125,576000
0.07360458374023438,2.758704900741577,2.7182679176330566,3.909912586212158,2.816232442855835,2.607424259185791,0.5380265712738037,3341,-0.020320067182183266,-0.0,-0.024178558960556984,-0.024178558960556984,0.05986546725034714,78.55,-0.4514188654720783,0.1901484578847885,0.08032434433698654,0.1569683700799942,584000
0.11694639921188354,3.8427720069885254,3.781200408935547,3.822300672531128,3.7749710083007812,2.621689558029175,0.5131871700286865,3336,-0.046481549739837646,-0.0,-0.06660248339176178,-0.06660248339176178,0.09267565608024597,73.625,-1.0507226295769214,0.34997066855430603,0.09978104382753372,0.35537415742874146,592000
0.2002766877412796,6.007794380187988,5.901923656463623,3.8602142333984375,6.1339006423950195,2.610635757446289,0.018679678440093994,3335,0.050323083996772766,-0.0,-0.024594713002443314,-0.024594713002443314,0.20204830169677734,77.325,-0.44058147072792053,0.6041167378425598,0.20023033022880554,0.5564672946929932,600000
0.04998759925365448,3.6999709606170654,3.6714770793914795,3.9191596508026123,3.788815975189209,2.6240010261535645,0.44047027826309204,3329,0.23168931901454926,-0.0,0.2258116453886032,0.2258116453886032,0.06423533707857132,75.75,-0.6373073875904083,0.2011500746011734,0.0930972695350647,0.17269599437713623,608000
0.09750247001647949,4.280222415924072,4.227597236633301,4.030799388885498,4.389920234680176,2.599357843399048,0.2124595046043396,3323,0.0010725483298301697,-0.0,-0.046176426112651825,-0.046176426112651825,0.1464851051568985,71.775,-0.7858380541205406,0.28878000378608704,0.171443372964859,0.22775937616825104,616000
0.15680022537708282,4.174674987792969,4.081584453582764,4.096200466156006,4.287032127380371,2.590769052505493,0.4655405282974243,3320,-0.3063376545906067,-0.0,-0.33494052290916443,-0.33494052290916443,0.1090211495757103,76.8,-0.7379076063632966,0.29155275225639343,0.10574844479560852,0.2708280682563782,624000
0.14417146146297455,4.662851333618164,4.586009979248047,3.8614673614501953,4.587242603302002,2.610405445098877,0.3646180033683777,3318,-0.11442700773477554,-0.0,-0.16043034195899963,-0.16043034195899963,0.14421477913856506,70.4,-0.46793939396739004,0.2987273931503296,0.1603010892868042,0.2780870497226715,632000
0.12318392843008041,4.512479782104492,4.446465492248535,3.8838813304901123,4.561160564422607,2.618375062942505,0.3705686330795288,3317,0.06832017004489899,-0.0,0.03397734835743904,0.03397734835743904,0.12105313688516617,80.725,-0.6413418777287007,0.2838461399078369,0.12921859323978424,0.24003756046295166,640000
0.15316429734230042,4.415701866149902,4.332307815551758,4.057132720947266,4.538033485412598,2.603959083557129,0.37050437927246094,3316,-0.27108120918273926,-0.0,-0.3227933943271637,-0.3227933943271637,0.1555035561323166,73.2,-0.5305336259305478,0.3436248004436493,0.17893116176128387,0.32323673367500305,648000
0.08505028486251831,3.8307392597198486,3.784818172454834,3.8988723754882812,3.8951575756073,2.593353033065796,0.5694799423217773,3314,0.1350834220647812,-0.0,0.11032780259847641,0.11032780259847641,0.10137830674648285,73.275,-0.6673110567033291,0.34545570611953735,0.14128339290618896,0.30447059869766235,656000
0.041649628430604935,2.9860599040985107,2.9620141983032227,3.9622485637664795,3.0770325660705566,2.6107466220855713,0.421512246131897,3311,0.14787842333316803,-0.0,0.15171392261981964,0.15171392261981964,0.04454391822218895,74.85,-0.5822924688458443,0.1616186797618866,0.08052921295166016,0.14450478553771973,664000
0.2731759548187256,6.380913734436035,6.249509811401367,3.808742046356201,5.870312213897705,2.6024727821350098,0.5217443704605103,3308,-0.281036913394928,-0.0,-0.3128838539123535,-0.3128838539123535,0.11574332416057587,76.2,-0.09929943606257438,0.3984892666339874,0.2652955949306488,0.25067463517189026,672000
0.05699148029088974,4.981268405914307,4.94857931137085,4.059196949005127,5.205676078796387,2.5933308601379395,0.6505542993545532,3304,0.4266482889652252,-0.0,0.3978807330131531,0.3978807330131531,0.10940172523260117,80.3,-0.6956298440694809,0.7008918523788452,0.2721671164035797,0.5018020272254944,680000
0.033914826810359955,4.016955852508545,3.997541904449463,3.914825916290283,4.192098140716553,2.6181342601776123,0.12553000450134277,3303,0.4303562343120575,-0.0,0.40895190834999084,0.40895190834999084,0.09517133235931396,71.1,-0.522353857755661,0.44969624280929565,0.15687064826488495,0.4403463304042816,688000
0.18420954048633575,4.4272966384887695,4.325460433959961,3.9529318809509277,4.609883785247803,2.598907470703125,0.5731059312820435,3300,-0.21503716707229614,-0.0,-0.26932984590530396,-0.26932984590530396,0.16056349873542786,77.7,-0.523240377753973,0.5099772810935974,0.17157888412475586,0.4215138554573059,696000
0.09886973351240158,4.128231048583984,4.072937965393066,4.06441593170166,4.525400638580322,2.5784802436828613,0.679155170917511,3297,-0.01965862140059471,-0.0,-0.04046405479311943,-0.04046405479311943,0.09318047016859055,74.6,-0.5739062063395977,0.31749460101127625,0.1535787433385849,0.2619498372077942,704000
0.21013441681861877,6.055417060852051,5.9423980712890625,3.9168753623962402,6.186090469360352,2.594428062438965,0.08752918243408203,3298,-0.048111505806446075,-0.0,-0.1078941598534584,-0.1078941598534584,0.17145386338233948,75.625,-0.6739015430212021,0.39841267466545105,0.17359384894371033,0.3535628020763397,712000
0.09530272334814072,3.658154249191284,3.6073434352874756,4.026900768280029,3.813589096069336,2.5808300971984863,0.5790776014328003,3294,-0.04077115282416344,-0.0,-0.06428668648004532,-0.06428668648004532,0.09864766895771027,75.625,-0.999874023348093,0.24436849355697632,0.11514322459697723,0.21201397478580475,720000
0.05328815057873726,3.9912517070770264,3.9620137214660645,4.000642776489258,4.194456577301025,2.5748162269592285,0.20517128705978394,3290,0.29227057099342346,-0.0,0.2748261094093323,0.2748261094093323,0.08638525009155273,71.825,-0.7506891161203384,0.2884836494922638,0.13702666759490967,0.24728336930274963,728000
0.21674370765686035,5.636319637298584,5.517683506011963,3.9801788330078125,5.883294582366943,2.5634822845458984,0.2730715870857239,3289,-0.20787912607192993,-0.0,-0.2905110716819763,-0.2905110716819763,0.21653354167938232,74.475,-0.3757986187934875,0.37809959053993225,0.22115428745746613,0.34687790274620056,736000
0.06691411137580872,2.640554904937744,2.604785919189453,3.8520560264587402,2.7575676441192627,2.600426197052002,0.3712243437767029,3285,0.05743525177240372,-0.0,0.05504709482192993,0.05504709482192993,0.056784845888614655,79.3,-0.6396740078926086,0.194223091006279,0.08999795466661453,0.1912650614976883,744000
0.23832455277442932,6.005240440368652,5.882804870605469,3.8181285858154297,5.917702674865723,2.5850772857666016,0.5025880932807922,3281,-0.21204878389835358,-0.0,-0.2902901768684387,-0.2902901768684387,0.20818433165550232,71.575,-0.5024462804198265,0.5062254071235657,0.25627151131629944,0.4214754104614258,752000
0.21805834770202637,5.685730934143066,5.548202991485596,3.9394707679748535,6.395737648010254,2.589599609375,0.6551389694213867,3279,0.10574448108673096,-0.0,0.07594893127679825,0.07594893127679825,0.1113830953836441,83.625,-0.8792893528938294,0.4445192813873291,0.18664510548114777,0.3705728054046631,760000
0.08721132576465607,3.2598061561584473,3.212531089782715,3.855461835861206,3.2520835399627686,2.6023330688476562,0.14242905378341675,3280,0.006994953379034996,-0.0,0.008298253640532494,0.008298253640532494,0.04944005608558655,71.75,-0.5155378848314285,0.1568347066640854,0.119485042989254,0.12015001475811005,768000
0.2079300582408905,5.772328853607178,5.647574424743652,4.06148099899292,6.428621768951416,2.5658648014068604,0.5969017744064331,3275,-0.04471701383590698,-0.0,-0.12237193435430527,-0.12237193435430527,0.20662713050842285,76.6,-0.5162917524576187,0.598164439201355,0.20085588097572327,0.5263404250144958,776000
0.06695631891489029,3.4173667430877686,3.381169080734253,3.8800454139709473,3.425006866455078,2.583446502685547,0.3501283526420593,3273,0.15257057547569275,-0.0,0.14921239018440247,0.14921239018440247,0.05838531255722046,74.075,-0.6300476476550102,0.23176828026771545,0.1350923627614975,0.16563007235527039,784000
0.12701967358589172,4.992743492126465,4.917724132537842,4.31045389175415,5.731886863708496,2.5301003456115723,0.6593331098556519,3273,0.003027113154530525,-0.0,-0.020504577085375786,-0.020504577085375786,0.09766538441181183,76.45,-0.7065608575940132,0.2409251630306244,0.14379921555519104,0.17599566280841827,792000
0.15115049481391907,3.881897449493408,3.8028504848480225,3.8135828971862793,3.7001075744628906,2.604759454727173,0.4705533981323242,3271,-0.2426443099975586,-0.0,-0.27216678857803345,-0.27216678857803345,0.11114011704921722,75.4,-0.6684504598379135,0.27135705947875977,0.15300017595291138,0.25224822759628296,800000
0.1249644011259079,4.339188575744629,4.272097587585449,3.9502625465393066,4.435244560241699,2.5691418647766113,0.5317368507385254,3270,-0.04459492117166519,-0.0,-0.0898357555270195,-0.0898357555270195,0.14186450839042664,79.625,-0.21447538286447526,0.49664926528930664,0.23032470047473907,0.49350419640541077,808000
0.08248358964920044,2.914480447769165,2.8687353134155273,3.986346483230591,2.8986549377441406,2.581657886505127,0.5335376858711243,3267,-0.13395510613918304,-0.0,-0.15470412373542786,-0.15470412373542786,0.09313119202852249,74.775,-0.6189953163266182,0.20727494359016418,0.14492212235927582,0.1750618815422058,816000
0.06498756259679794,3.370431423187256,3.3340277671813965,3.9941933155059814,3.550445079803467,2.5785324573516846,0.5436316132545471,3265,0.15325361490249634,-0.0,0.14690858125686646,0.14690858125686646,0.06426071375608444,85.45,-0.4301766440272331,0.21007820963859558,0.08302238583564758,0.19407545030117035,824000
0.09225199371576309,3.021732807159424,2.9716134071350098,3.826448917388916,3.0540754795074463,2.6078946590423584,0.6338697671890259,3263,-0.05335502699017525,-0.0,-0.06462876498699188,-0.06462876498699188,0.07470536977052689,72.6,-0.5951550751924515,0.3145013749599457,0.10218596458435059,0.28518080711364746,832000
0.10898027569055557,3.9737167358398438,3.9163551330566406,3.909130811691284,4.023178577423096,2.5789921283721924,0.6832331418991089,3262,0.062073659151792526,-0.0,0.05245561525225639,0.05245561525225639,0.07081593573093414,73.15,-0.8492489859461785,0.26338958740234375,0.15186457335948944,0.1884976029396057,840000
0.06337920576334,3.426609754562378,3.391104221343994,3.8796753883361816,3.48162841796875,2.582753896713257,0.6031579971313477,3262,0.16319279372692108,-0.0,0.15979136526584625,0.15979136526584625,0.05845794826745987,84.85,-0.5963925659656525,0.2364358901977539,0.1133134514093399,0.2024865299463272,848000
0.13826432824134827,6.027219295501709,5.953392505645752,3.866563320159912,6.0953779220581055,2.5988805294036865,0.27962446212768555,3259,0.2044091373682022,-0.0,0.14177188277244568,0.14177188277244568,0.17725209891796112,79.9,-0.7873859375715255,0.3578697144985199,0.16454285383224487,0.30474159121513367,856000
0.13058942556381226,4.417961120605469,4.350353240966797,3.9135921001434326,4.471940994262695,2.580993175506592,0.5045902729034424,3257,-0.040016695857048035,-0.0,-0.07998014986515045,-0.07998014986515045,0.1315467655658722,73.075,-0.6990082859992981,0.4297177791595459,0.23633377254009247,0.3422048091888428,864000
0.20184564590454102,5.158071994781494,5.05056619644165,3.9951915740966797,5.148484230041504,2.573270082473755,0.079917311668396,3258,-0.29491621255874634,-0.0,-0.3592436909675598,-0.3592436909675598,0.1801203191280365,80.3,-0.3431803971529007,0.38002315163612366,0.21868246793746948,0.28885021805763245,872000
0.22496342658996582,5.910937309265137,5.792184352874756,3.914933681488037,5.990448951721191,2.5757100582122803,0.47326862812042236,3258,-0.024082977324724197,-0.0,-0.07117195427417755,-0.07117195427417755,0.1456921547651291,72.1,-0.5853899747133255,0.4579905569553375,0.3137499988079071,0.3702252507209778,880000
0.15236766636371613,4.20379638671875,4.114582538604736,4.0518646240234375,4.415131568908691,2.563938617706299,0.27502214908599854,3257,-0.23047718405723572,-0.0,-0.26053938269615173,-0.26053938269615173,0.11140315234661102,82.675,-0.40744137912988665,0.3356764018535614,0.1884695589542389,0.25568991899490356,888000
0.1007743701338768,2.9938600063323975,2.9378442764282227,3.914829730987549,3.081812620162964,2.5928103923797607,0.5546540021896362,3254,-0.1291210651397705,-0.0,-0.1425788849592209,-0.1425788849592209,0.07877182215452194,79.65,-0.6878225147724152,0.2283683866262436,0.13658326864242554,0.18367688357830048,896000
0.017113924026489258,2.495549201965332,2.4849791526794434,4.084846496582031,2.765632390975952,2.5607728958129883,0.9065282940864563,3253,0.20534300804138184,-0.0,0.21801283955574036,0.21801283955574036,0.02587580308318138,78.4,-1.0698270335793496,0.19572719931602478,0.07066774368286133,0.16780345141887665,904000
0.14350441098213196,3.8858654499053955,3.806746244430542,3.8909854888916016,3.981663465499878,2.547212839126587,0.5580999851226807,3248,-0.16247352957725525,-0.0,-0.1853063553571701,-0.1853063553571701,0.0966099202632904,77.725,-0.5478111788630485,0.26477086544036865,0.15615098178386688,0.21050558984279633,912000
0.02363543212413788,3.467512607574463,3.452294111251831,4.175378799438477,3.6533608436584473,2.5097408294677734,-0.48519766330718994,3246,0.31471043825149536,-0.0,0.3051176071166992,0.3051176071166992,0.06938044726848602,77.3,-0.4845257729291916,0.3520929217338562,0.13216054439544678,0.3213895261287689,920000
0.24286238849163055,5.623213291168213,5.495819091796875,3.807419538497925,5.411901473999023,2.5961501598358154,0.49697208404541016,3243,-0.3971744477748871,-0.0,-0.4913683831691742,-0.4913683831691742,0.24031083285808563,87.325,-0.8168750539422035,0.6076298356056213,0.20505206286907196,0.5476566553115845,928000
0.018945733085274696,2.3965301513671875,2.3857245445251465,3.8669838905334473,2.4883224964141846,2.5818657875061035,0.6974983215332031,3242,0.20779292285442352,-0.0,0.22259683907032013,0.22259683907032013,0.02202947624027729,73.125,-0.5238036409020423,0.1644272357225418,0.07399394363164902,0.14856866002082825,936000
0.04624800756573677,3.1993629932403564,3.172525405883789,3.7985358238220215,3.0791029930114746,2.5538597106933594,0.7251536250114441,3240,0.11799529194831848,-0.0,0.11926274001598358,0.11926274001598358,0.04854229837656021,77.325,-0.4477970227599144,0.21729588508605957,0.10942681133747101,0.1947040855884552,944000
0.1268288642168045,3.6194214820861816,3.5545058250427246,3.8598713874816895,3.536546230316162,2.5732650756835938,0.6215242743492126,3240,-0.118276447057724,-0.0,-0.13177993893623352,-0.13177993893623352,0.07847228646278381,78.375,-0.5764261454343795,0.32355058193206787,0.12210455536842346,0.24727775156497955,952000
0.09050233662128448,3.286848545074463,3.2365832328796387,3.8279995918273926,3.2758231163024902,2.6015143394470215,0.6770731806755066,3239,-0.05880804359912872,-0.0,-0.07571788132190704,-0.07571788132190704,0.08584995567798615,70.05,-0.43600880950689314,0.36495155096054077,0.1678076684474945,0.32430633902549744,960000
0.007967996411025524,2.2727081775665283,2.2676777839660645,3.917945146560669,2.4450831413269043,2.594538927078247,0.5021547079086304,3239,0.2599368989467621,-0.0,0.26829418540000916,0.26829418540000916,0.035176195204257965,82.5,-0.3849309727549553,0.18986165523529053,0.07039331644773483,0.17674338817596436,968000
0.026330500841140747,2.84851336479187,2.832951307296753,3.884652614593506,2.9032998085021973,2.5367484092712402,0.6776617765426636,3237,0.2321818619966507,-0.0,0.23118028044700623,0.23118028044700623,0.05273812264204025,80.6,-0.44939730018377305,0.24352750182151794,0.11989933252334595,0.1963122934103012,976000
0.10287672281265259,4.3129353523254395,4.251449108123779,4.050333023071289,4.564170837402344,2.508349657058716,0.7563782334327698,3237,0.047257810831069946,-0.0,0.010209953412413597,0.010209953412413597,0.12426270544528961,78.75,-0.5006893411278724,0.37449881434440613,0.19383059442043304,0.3527863919734955,984000
0.17801877856254578,4.2530317306518555,4.162727355957031,3.8617615699768066,4.096169948577881,2.5583927631378174,0.6519815921783447,3234,-0.2726542055606842,-0.0,-0.3178749978542328,-0.3178749978542328,0.14160946011543274,78.85,-0.44953785836696625,0.3816137909889221,0.19072453677654266,0.28825873136520386,992000
0.022763842716813087,2.6528725624084473,2.639296531677246,3.8895535469055176,2.6459097862243652,2.564331531524658,0.7643057107925415,3234,0.1514546275138855,-0.0,0.16402237117290497,0.16402237117290497,0.026151159778237343,75.05,-0.11567675024271011,0.16580872237682343,0.0926089882850647,0.12409237027168274,1000000
0.098569855093956,3.1924901008605957,3.1406049728393555,3.818927764892578,3.2105259895324707,2.5727648735046387,0.4972754120826721,3232,0.039087723940610886,-0.0,0.03880462795495987,0.03880462795495987,0.05202149227261543,88.075,-0.6169087275862694,0.2797453999519348,0.1842772513628006,0.1824895292520523,1008000
0.12852409482002258,3.5438015460968018,3.4756665229797363,3.839251756668091,3.5118865966796875,2.581392765045166,0.2719449996948242,3232,-0.16884030401706696,-0.0,-0.22138217091560364,-0.22138217091560364,0.15671156346797943,71.65,-0.37289940267801286,0.33152684569358826,0.1574728637933731,0.27165278792381287,1016000
0.12802615761756897,4.219077110290527,4.146838665008545,3.9263710975646973,4.195830821990967,2.5970420837402344,0.31777679920196533,3231,-0.05880403518676758,-0.0,-0.09042342007160187,-0.09042342007160187,0.11517961323261261,77.9,-0.18019527196884155,0.2875615656375885,0.18659740686416626,0.2424318790435791,1024000
0.06795509159564972,3.154863119125366,3.118154764175415,3.870607852935791,3.0744032859802246,2.5497803688049316,0.812693178653717,3232,0.05088671296834946,-0.0,0.05503774806857109,0.05503774806857109,0.04269353300333023,80.9,-0.2835233598947525,0.2605707049369812,0.14085084199905396,0.1904291957616806,1032000
0.09188033640384674,3.3139452934265137,3.2635254859924316,3.880025863647461,3.3072731494903564,2.592914581298828,0.5368412733078003,3232,-0.12464534491300583,-0.0,-0.14344388246536255,-0.14344388246536255,0.08945536613464355,72.675,-0.4772403284907341,0.2661629915237427,0.16267243027687073,0.24107301235198975,1040000
0.09374067932367325,2.709041118621826,2.6533637046813965,4.096080780029297,2.7711522579193115,2.5234830379486084,0.8987481594085693,3230,-0.2343297004699707,-0.0,-0.22977371513843536,-0.22977371513843536,0.04135768860578537,73.75,-0.45206049680709837,0.25100651383399963,0.09161084145307541,0.22644548118114471,1048000
0.06235154718160629,3.579759120941162,3.545081615447998,3.8435616493225098,3.637486696243286,2.55525279045105,0.5886234045028687,3229,0.1980023980140686,-0.0,0.16208818554878235,0.16208818554878235,0.12293348461389542,79.55,-0.6074472680687905,0.26312029361724854,0.15889659523963928,0.22619861364364624,1056000
0.2419590950012207,4.981623649597168,4.856312274932861,3.8284213542938232,4.807373046875,2.588658094406128,0.37478339672088623,3227,-0.4618205428123474,-0.0,-0.5272273421287537,-0.5272273421287537,0.18258675932884216,76.55,-0.5689168885350228,0.4599183201789856,0.22503921389579773,0.3611389994621277,1064000
0.08992011845111847,2.9684200286865234,2.9138379096984863,3.9495368003845215,3.114760637283325,2.5435080528259277,0.25560253858566284,3224,-0.05755261331796646,-0.0,-0.06450365483760834,-0.06450365483760834,0.06477224826812744,83.425,-0.33645986318588256,0.22597438097000122,0.12505267560482025,0.19028635323047638,1072000
0.052000414580106735,3.075134515762329,3.046414613723755,4.022633075714111,3.270685911178589,2.5355448722839355,0.5694906711578369,3225,0.15700256824493408,-0.0,0.1452944278717041,0.1452944278717041,0.07412716001272202,76.825,-0.38852227926254274,0.22957904636859894,0.14685256779193878,0.19364017248153687,1080000
0.029203344136476517,2.5698342323303223,2.5516018867492676,3.9631683826446533,2.697303295135498,2.5376296043395996,0.7734965085983276,3224,0.19112591445446014,-0.0,0.1995501071214676,0.1995501071214676,0.033904194831848145,79.425,-0.4407685428857803,0.142785906791687,0.08514043688774109,0.11373583972454071,1088000
0.013400289230048656,3.8107733726501465,3.8028721809387207,3.850872755050659,3.847231388092041,2.554227352142334,0.3443629741668701,3224,0.5498431324958801,-0.0,0.5140754580497742,0.5140754580497742,0.12261985242366791,75.925,-0.7264605894684791,0.6627505421638489,0.23152455687522888,0.5789594054222107,1096000
0.106320820748806,3.897603988647461,3.8349769115448,3.9410018920898438,4.001509666442871,2.587541341781616,0.6241778135299683,3223,-0.06717187166213989,-0.0,-0.09721720218658447,-0.09721720218658447,0.11184148490428925,71.9,-0.6355898603796959,0.3207133412361145,0.16775189340114594,0.2933439016342163,1104000
0.02366892620921135,2.0389564037323,2.024545907974243,3.9329757690429688,2.101599931716919,2.577011823654175,0.8115776777267456,3220,0.08070990443229675,-0.0,0.09706113487482071,0.09706113487482071,0.01883777417242527,77.2,-0.4677004799246788,0.15374517440795898,0.0679081454873085,0.13198809325695038,1112000
0.11796804517507553,3.5099291801452637,3.448827028274536,3.8457298278808594,3.4501430988311768,2.551581382751465,0.6830285787582397,3217,-0.07487934827804565,-0.0,-0.08826737850904465,-0.08826737850904465,0.07780767977237701,80.425,-0.48134261667728423,0.30123284459114075,0.16211453080177307,0.2222251445055008,1120000
0.11111469566822052,4.027045249938965,3.9678220748901367,3.7946083545684814,4.0116376876831055,2.564384937286377,0.5719040632247925,3217,-0.01116158813238144,-0.0,-0.039537638425827026,-0.039537638425827026,0.10803979635238647,73.3,-0.4427759885787964,0.3421434760093689,0.18011263012886047,0.2875016927719116,1128000
0.11405020952224731,4.996987819671631,4.90791130065918,4.133358955383301,5.803618907928467,2.5353920459747314,0.7094082832336426,3215,0.18783868849277496,-0.0,0.17174290120601654,0.17174290120601654,0.08289943635463715,81.125,-0.14349048882722854,0.49081000685691833,0.2054145783185959,0.4407316744327545,1136000
0.10432654619216919,3.3883392810821533,3.3305957317352295,3.8276329040527344,3.293062686920166,2.602588176727295,0.4790347218513489,3214,-0.16321267187595367,-0.0,-0.1840161383152008,-0.1840161383152008,0.0936587005853653,78.875,-0.5088625386357307,0.31451380252838135,0.14945273101329803,0.25408148765563965,1144000
0.06149228289723396,2.0798165798187256,2.0444300174713135,3.9489166736602783,2.0648956298828125,2.6036911010742188,0.23881012201309204,3214,-0.16300255060195923,-0.0,-0.15863803029060364,-0.15863803029060364,0.043344754725694656,70.175,-0.14368503242731095,0.1436682492494583,0.07581302523612976,0.1188620924949646,1152000
0.14559322595596313,3.6854701042175293,3.6021053791046143,3.8645153045654297,3.769864320755005,2.6170201301574707,0.2659783959388733,3214,-0.13685131072998047,-0.0,-0.1428859680891037,-0.1428859680891037,0.06440974026918411,79.55,-0.6410133376717567,0.2164173275232315,0.13302311301231384,0.16324755549430847,1160000
0.011430228129029274,2.0006935596466064,1.993830680847168,3.911473512649536,2.0978245735168457,2.571035861968994,0.7795618772506714,3214,0.17026720941066742,-0.0,0.18675751984119415,0.18675751984119415,0.018440093845129013,78.625,-0.4190471485257149,0.16920283436775208,0.07715420424938202,0.1565769463777542,1168000
0.16803692281246185,4.182535648345947,4.101178169250488,3.843226671218872,3.8294854164123535,2.609912395477295,0.18535268306732178,3213,-0.2537386119365692,-0.0,-0.29877710342407227,-0.29877710342407227,0.14227524399757385,79.35,-0.09180220365524291,0.3246227204799652,0.2567426562309265,0.22700446844100952,1176000
0.1404678225517273,4.012288570404053,3.9363913536071777,4.003967761993408,4.075353622436523,2.5455806255340576,0.5455626249313354,3212,-0.18658840656280518,-0.0,-0.24330632388591766,-0.24330632388591766,0.16434744000434875,72.925,-0.44615308791399,0.5047143697738647,0.2609686553478241,0.4190925061702728,1184000
0.05945257470011711,2.341949939727783,2.306868076324463,4.000913143157959,2.338651180267334,2.5733630657196045,0.7979520559310913,3211,-0.1368001103401184,-0.0,-0.1291004866361618,-0.1291004866361618,0.036068011075258255,78.975,-0.5909852102398873,0.19491443037986755,0.09976696968078613,0.16298595070838928,1192000
0.09718529880046844,3.3134751319885254,3.259921073913574,3.9818034172058105,3.4305222034454346,2.5705654621124268,0.5306520462036133,3210,-0.11874960362911224,-0.0,-0.13868896663188934,-0.13868896663188934,0.09129004180431366,80.55,-0.17092250883579255,0.2224438637495041,0.11921049654483795,0.1878139078617096,1200000
0.10254719108343124,3.724931240081787,3.670889139175415,3.9114623069763184,3.7247886657714844,2.551220655441284,0.5919023156166077,3209,-0.019448263570666313,-0.0,-0.05501747876405716,-0.05501747876405716,0.1221628412604332,73.9,-0.8162385478615761,0.396127313375473,0.23398523032665253,0.30183079838752747,1208000
0.1425844430923462,3.664562225341797,3.583939552307129,3.8838531970977783,3.72381854057312,2.5681514739990234,0.5667054653167725,3207,-0.2582557201385498,-0.0,-0.27989518642425537,-0.27989518642425537,0.09464196860790253,72.1,-0.23713819682598114,0.3146125078201294,0.1541881561279297,0.29933854937553406,1216000
0.1931769996881485,4.379643440246582,4.274418354034424,4.038561820983887,4.322787761688232,2.557075023651123,0.4043958783149719,3206,-0.44057321548461914,-0.0,-0.4884660840034485,-0.4884660840034485,0.14692726731300354,79.475,-0.6591983288526535,0.4380152225494385,0.2667560875415802,0.3853592574596405,1224000
0.08967088907957077,3.1142983436584473,3.064924716949463,3.875030994415283,3.0098650455474854,2.5754122734069824,0.3837207555770874,3205,-0.0916103944182396,-0.0,-0.11796437203884125,-0.11796437203884125,0.10421620309352875,76.175,-0.19803581833839418,0.2741287350654602,0.2265847623348236,0.22116921842098236,1232000
0.12306974083185196,4.736108303070068,4.667000770568848,3.9320225715637207,4.81945276260376,2.528442859649658,0.585178017616272,3203,0.0033531412482261658,-0.0,-0.020730409771203995,-0.020730409771203995,0.09873595833778381,73.35,-0.1452804297208786,0.27484771609306335,0.1716933697462082,0.20253212749958038,1240000
0.029796022921800613,2.6870946884155273,2.6702518463134766,3.8057734966278076,2.8006715774536133,2.568016290664673,0.7589336633682251,3202,0.2616487443447113,-0.0,0.26199501752853394,0.26199501752853394,0.05066777020692825,71.625,-0.46258675754070283,0.2561197578907013,0.1289624720811844,0.24131931364536285,1248000
0.05263829976320267,2.8411967754364014,2.8111326694488525,3.933579921722412,2.8560149669647217,2.557553768157959,0.6849547624588013,3200,-0.02917148545384407,-0.0,-0.03722742944955826,-0.03722742944955826,0.06726296246051788,74.5,-0.10585252791643143,0.1779099702835083,0.11388600617647171,0.14216622710227966,1256000
0.07442695647478104,4.060479164123535,4.019721031188965,4.048892974853516,4.3108015060424805,2.544116497039795,0.44571828842163086,3199,0.04054563492536545,-0.0,0.016215890645980835,0.016215890645980835,0.09954182058572769,78.25,-0.2914863064885139,0.2567201256752014,0.20147119462490082,0.14579202234745026,1264000
0.10912232100963593,3.5253467559814453,3.462721824645996,3.910620927810669,3.7119953632354736,2.5764174461364746,0.4431273341178894,3199,-0.061772946268320084,-0.0,-0.0817466676235199,-0.0817466676235199,0.09147579222917557,77.375,-0.6498593851923943,0.24735288321971893,0.17384569346904755,0.1790763884782791,1272000
0.21037571132183075,4.079023838043213,3.961812973022461,3.806485414505005,4.185094356536865,2.5628981590270996,0.46161985397338867,3197,-0.4188728332519531,-0.0,-0.4658781588077545,-0.4658781588077545,0.14526860415935516,76.35,0.013232052326202393,0.44782784581184387,0.3226536810398102,0.27489516139030457,1280000
0.1308933049440384,6.179579734802246,6.105476379394531,4.100287437438965,6.386868000030518,2.480898380279541,0.3590383529663086,3196,0.3363846242427826,-0.0,0.2569177746772766,0.2569177746772766,0.20855167508125305,73.775,-0.39883264154195786,0.56884765625,0.2780260443687439,0.4607222080230713,1288000
0.08659660816192627,5.213169097900391,5.17059850692749,3.9692275524139404,5.491550445556641,2.490488052368164,0.5505803227424622,3195,0.22793042659759521,-0.0,0.21395961940288544,0.21395961940288544,0.07775134593248367,77.375,-0.33272904008626936,0.42161571979522705,0.2835700213909149,0.30741122364997864,1296000
0.13414302468299866,3.8631718158721924,3.791107177734375,3.9191298484802246,3.7867743968963623,2.5764529705047607,0.6388185024261475,3194,-0.2586829662322998,-0.0,-0.28991761803627014,-0.28991761803627014,0.11399839073419571,73.7,-0.18650751560926437,0.3149462938308716,0.21324840188026428,0.23827539384365082,1304000
0.031038546934723854,2.2324912548065186,2.2139804363250732,3.9343771934509277,2.2704102993011475,2.479224681854248,0.899596095085144,3192,0.033373381942510605,-0.0,0.04180638864636421,0.04180638864636421,0.0327184796333313,77.6,-0.013371753692626952,0.21182772517204285,0.11507139354944229,0.16314466297626495,1312000
0.11193414777517319,4.192234992980957,4.133570671081543,3.8884716033935547,4.212918281555176,2.538813591003418,0.5878449082374573,3190,0.015056183561682701,-0.0,0.0070357248187065125,0.0070357248187065125,0.06681718677282333,78.85,-0.3339148759841919,0.29223954677581787,0.21054698526859283,0.16788572072982788,1320000
0.05085796117782593,2.4362683296203613,2.4063727855682373,3.9187920093536377,2.4233193397521973,2.5603392124176025,0.9029401540756226,3189,-0.02370094507932663,-0.0,-0.011559191159904003,-0.011559191159904003,0.026923272758722305,85.45,-0.42783472388982774,0.18408448994159698,0.11046168953180313,0.13421471416950226,1328000
0.041026521474123,2.6418914794921875,2.6173818111419678,3.866652727127075,2.615854263305664,2.559656858444214,0.7493249177932739,3190,0.09367703646421432,-0.0,0.10036921501159668,0.10036921501159668,0.03780876845121384,79.6,-0.21413880586624146,0.2042645364999771,0.13274431228637695,0.15891769528388977,1336000
0.05159550905227661,2.4854254722595215,2.455545663833618,3.8537392616271973,2.4231224060058594,2.5929019451141357,0.6210535168647766,3188,-0.04304230958223343,-0.0,-0.027853578329086304,-0.027853578329086304,0.021480578929185867,79.9,-0.22772838473320006,0.14426761865615845,0.09039176255464554,0.10226760804653168,1344000
0.08469825237989426,3.0430424213409424,2.9940967559814453,4.093382358551025,3.170067310333252,2.461223840713501,0.8193188905715942,3189,-0.09093942493200302,-0.0,-0.09862877428531647,-0.09862877428531647,0.06460317224264145,71.2,-0.09389270693063737,0.2453865259885788,0.1535162776708603,0.1981402039527893,1352000
0.18915970623493195,4.566191673278809,4.466618061065674,3.863931179046631,4.468871116638184,2.5825889110565186,0.6138600707054138,3188,-0.3205370604991913,-0.0,-0.37537020444869995,-0.37537020444869995,0.16131804883480072,80.475,0.040261806547641756,0.7203598022460938,0.2972452938556671,0.6131092309951782,1360000
0.08557802438735962,2.684373140335083,2.6435775756835938,3.8777594566345215,2.6112074851989746,2.563000440597534,0.3348657488822937,3188,-0.04352017492055893,-0.0,-0.046051349490880966,-0.046051349490880966,0.056322358548641205,73.8,-0.2821388810873032,0.2791135311126709,0.22550228238105774,0.12400563061237335,1368000
0.1428879201412201,4.03414249420166,3.9493422508239746,3.9770920276641846,4.127686023712158,2.5513546466827393,0.5936323404312134,3187,-0.22923946380615234,-0.0,-0.25508198142051697,-0.25508198142051697,0.10271213203668594,74.525,-0.0806979089975357,0.3699924051761627,0.24213485419750214,0.3038366138935089,1376000
0.024698060005903244,1.720611572265625,1.7053499221801758,3.9277102947235107,1.7007955312728882,2.561203956604004,-0.036649227142333984,3187,-0.021643176674842834,-0.0,-0.0027549832593649626,-0.0027549832593649626,0.013447689823806286,76.125,-0.22883876264095307,0.12364160269498825,0.09018432348966599,0.07867725193500519,1384000
0.09915971010923386,3.4415969848632812,3.377992630004883,4.132745265960693,3.6584479808807373,2.4946744441986084,0.644970178604126,3187,-0.0501486212015152,-0.0,-0.07075618207454681,-0.07075618207454681,0.09110861271619797,80.325,-0.3099541276693344,0.31267353892326355,0.24134738743305206,0.2014976143836975,1392000
0.024078721180558205,2.234844207763672,2.218644618988037,4.982532501220703,2.8372981548309326,2.4729983806610107,0.8640737533569336,3188,-0.04897656664252281,-0.0,-0.034174997359514236,-0.034174997359514236,0.019856829196214676,75.1,-0.24275692105293273,0.2110837996006012,0.17510029673576355,0.12344987690448761,1400000
0.05084223672747612,2.5604076385498047,2.5295701026916504,4.116379737854004,2.555793285369873,2.5557143688201904,0.495910108089447,3186,-0.09630009531974792,-0.0,-0.08662795275449753,-0.08662795275449753,0.031770009547472,80.1,-0.13504691570997238,0.18912973999977112,0.12438356876373291,0.1394665539264679,1408000
0.06932361423969269,3.720510482788086,3.68654203414917,4.19395112991333,3.5937886238098145,2.518155574798584,0.5793539881706238,3186,0.14550179243087769,-0.0,0.1303977370262146,0.1303977370262146,0.08057121187448502,76.0,-0.14860365390777588,0.43639981746673584,0.27784332633018494,0.3208662271499634,1416000
0.15058621764183044,4.565584659576416,4.450192451477051,5.928921699523926,5.534121036529541,2.362837314605713,0.44554996490478516,3185,-0.19093568623065948,-0.0,-0.22907491028308868,-0.22907491028308868,0.1235351711511612,73.4,0.121708944439888,0.5267183780670166,0.2978290319442749,0.38373520970344543,1424000
0.13204367458820343,3.4221107959747314,3.3525917530059814,3.9014973640441895,3.4197986125946045,2.514009952545166,0.38483327627182007,3185,-0.14327554404735565,-0.0,-0.1973860114812851,-0.1973860114812851,0.15850113332271576,77.8,0.0405906155705452,0.56068354845047,0.35946422815322876,0.43889138102531433,1432000
0.061860620975494385,2.349198579788208,2.313701868057251,4.003684043884277,2.3117847442626953,2.498810291290283,0.8499225974082947,3184,-0.09315374493598938,-0.0,-0.07998238503932953,-0.07998238503932953,0.023633476346731186,74.225,-0.43373161405324934,0.18734093010425568,0.12479592859745026,0.13378290832042694,1440000
0.1508590579032898,4.461099147796631,4.378390312194824,4.206244945526123,4.5626983642578125,2.4936037063598633,0.6200914978981018,3185,-0.14058221876621246,-0.0,-0.17197006940841675,-0.17197006940841675,0.11264778673648834,74.35,-0.3797937974333763,0.5797441005706787,0.29154443740844727,0.3971184492111206,1448000
0.08903874456882477,3.682408094406128,3.630906343460083,4.052267074584961,3.948401927947998,2.5366358757019043,0.6036168932914734,3185,0.12205684930086136,-0.0,0.09993867576122284,0.09993867576122284,0.09496906399726868,78.225,-0.2849721789360046,0.3381856679916382,0.24059824645519257,0.2241072952747345,1456000
0.01007936429232359,3.260056734085083,3.253696918487549,3.8578896522521973,3.5126113891601562,2.545567512512207,0.5074743628501892,3184,0.4416092336177826,-0.0,0.43833208084106445,0.43833208084106445,0.057465702295303345,75.675,-0.27183869332075117,0.38046663999557495,0.22152994573116302,0.3413018584251404,1464000
0.12823431193828583,4.194302082061768,4.125944137573242,3.868147373199463,4.191714286804199,2.561915397644043,0.47176098823547363,3183,-0.07433973252773285,-0.0,-0.12001331895589828,-0.12001331895589828,0.14258547127246857,70.85,-0.12241622358560562,0.36825835704803467,0.2770985960960388,0.1861376315355301,1472000
0.04423585161566734,2.557894706726074,2.52990984916687,3.922849178314209,2.588092088699341,2.552990674972534,0.25499439239501953,3183,0.026230603456497192,-0.0,0.03243827074766159,0.03243827074766159,0.03864448145031929,77.375,-0.16353943794965745,0.24027666449546814,0.15505486726760864,0.19989706575870514,1480000
0.011166857555508614,1.9990886449813843,1.9923677444458008,3.8758156299591064,2.024794101715088,2.5806174278259277,0.7239574193954468,3183,0.14129219949245453,-0.0,0.15568777918815613,0.15568777918815613,0.022821201011538506,90.55,-0.19087797701358794,0.1672007441520691,0.09782969951629639,0.12488143891096115,1488000
0.05391736701130867,3.0251309871673584,2.992096185684204,4.027679920196533,3.05478835105896,2.5504422187805176,0.4386938214302063,3182,0.04474051669239998,-0.0,0.045749254524707794,0.045749254524707794,0.048991359770298004,80.225,-0.13650169223546982,0.21127688884735107,0.15369217097759247,0.17571033537387848,1496000
0.02111293375492096,3.831462860107422,3.8183798789978027,3.961495876312256,4.066300868988037,2.5158603191375732,0.6599633693695068,3183,0.47107502818107605,-0.0,0.46292486786842346,0.46292486786842346,0.06661754846572876,83.325,-0.054708327353000644,0.47795361280441284,0.26411035656929016,0.36779430508613586,1504000
0.053270816802978516,3.6436619758605957,3.613631248474121,3.7812790870666504,3.6610045433044434,2.5486996173858643,0.3002616763114929,3182,0.22783757746219635,-0.0,0.2067182958126068,0.2067182958126068,0.0932125598192215,71.95,-0.20521358996629716,0.41710954904556274,0.30863189697265625,0.2289266735315323,1512000
0.07823928445577621,2.6405138969421387,2.5972602367401123,3.9820656776428223,2.6524672508239746,2.559410572052002,0.44143229722976685,3181,-0.13312675058841705,-0.0,-0.1483384519815445,-0.1483384519815445,0.08161161839962006,78.475,-0.12324338555335998,0.29825660586357117,0.2787375748157501,0.14908143877983093,1520000
0.07409759610891342,3.0548336505889893,3.0116794109344482,4.013308048248291,3.1539461612701416,2.5166420936584473,0.7523341178894043,3180,-0.06709980964660645,-0.0,-0.07428004592657089,-0.07428004592657089,0.06469330936670303,86.95,-0.08225459307432174,0.3071105480194092,0.2294563204050064,0.18258865177631378,1528000
0.0737415999174118,3.663677930831909,3.623189926147461,4.091629505157471,3.9252610206604004,2.451136589050293,0.7181930541992188,3180,0.08090005815029144,-0.0,0.07393340021371841,0.07393340021371841,0.06295604258775711,68.825,-0.2880759537220001,0.40323394536972046,0.29441511631011963,0.2264319509267807,1536000
0.04627188295125961,3.2390217781066895,3.212963581085205,3.9920666217803955,3.285346269607544,2.514568328857422,0.5063671469688416,3179,0.1607014536857605,-0.0,0.14339487254619598,0.14339487254619598,0.08490453660488129,74.65,0.15099843889474868,0.3180827796459198,0.2528059780597687,0.18807390332221985,1544000
0.04001341760158539,2.6583847999572754,2.6366653442382812,4.10585355758667,2.6804280281066895,2.478536605834961,0.6344724893569946,3180,0.05947849527001381,-0.0,0.040731798857450485,0.040731798857450485,0.08706412464380264,75.8,-0.15123989135026933,0.6614086031913757,0.6147607564926147,0.27232038974761963,1552000
0.029670992866158485,2.9609262943267822,2.943289041519165,3.8408255577087402,3.025892972946167,2.5707850456237793,0.47153061628341675,3179,0.24402152001857758,-0.0,0.2502170205116272,0.2502170205116272,0.039024729281663895,73.675,0.0688193216919899,0.29264160990715027,0.20435814559459686,0.2165004163980484,1560000
0.1789810210466385,4.4260735511779785,4.317259788513184,3.880870819091797,4.348326683044434,2.4628686904907227,0.5467903017997742,3178,-0.37429678440093994,-0.0,-0.41323956847190857,-0.41323956847190857,0.127142995595932,76.9,-0.2754301503300667,0.5700328946113586,0.3970286250114441,0.3379851281642914,1568000
0.11072050034999847,4.179842948913574,4.118072032928467,3.9597842693328857,4.2324724197387695,2.431713104248047,0.7503257393836975,3178,-0.0909561961889267,-0.0,-0.09770127385854721,-0.09770127385854721,0.06212441250681877,74.525,-0.027560302615165712,0.37334251403808594,0.2685859501361847,0.27778613567352295,1576000
0.08742395043373108,2.858365058898926,2.802450180053711,3.96001935005188,3.1141886711120605,2.5026118755340576,0.16709840297698975,3177,-0.07611782103776932,-0.0,-0.08424800634384155,-0.08424800634384155,0.06631260365247726,80.35,-0.510607422888279,0.2687416672706604,0.20937341451644897,0.16387756168842316,1584000
0.029606759548187256,3.3410415649414062,3.325047016143799,3.8099772930145264,3.341287136077881,2.5204787254333496,0.6296027302742004,3176,0.3221738934516907,-0.0,0.3230666220188141,0.3230666220188141,0.04862411320209503,77.375,-0.19339554607868195,0.282436728477478,0.21314135193824768,0.18288251757621765,1592000
0.039014868438243866,2.1144890785217285,2.090061664581299,4.06125020980835,2.317021608352661,2.5336575508117676,0.6238958835601807,3176,-0.053791776299476624,-0.0,-0.03704493120312691,-0.03704493120312691,0.0171794630587101,76.45,-0.34573722183704375,0.1431998461484909,0.12219056487083435,0.08471209555864334,1600000
0.10432885587215424,4.208786964416504,4.151918888092041,3.8586020469665527,4.22921085357666,2.5729682445526123,0.10647523403167725,3175,-0.12001688778400421,-0.0,-0.16654641926288605,-0.16654641926288605,0.1445184201002121,75.125,0.19374545514583588,0.3787258565425873,0.227915957570076,0.28299328684806824,1608000
0.08131877332925797,3.7939629554748535,3.7483737468719482,3.9547629356384277,3.8517894744873047,2.5837574005126953,0.3584616780281067,3175,0.07482320070266724,-0.0,0.04023735597729683,0.04023735597729683,0.12084682285785675,73.675,-0.12471169531345368,0.31412047147750854,0.24521176517009735,0.19474294781684875,1616000
0.1184280663728714,3.9321277141571045,3.861259937286377,4.0754899978637695,4.281179904937744,2.4294121265411377,0.7683368921279907,3174,-0.06915217638015747,-0.0,-0.089670829474926,-0.089670829474926,0.08962555229663849,77.25,-0.20803380012512207,0.3395431339740753,0.24465182423591614,0.2274482548236847,1624000
0.18784797191619873,5.038321018218994,4.881231307983398,4.285881519317627,6.5019731521606445,2.527867555618286,0.4902724027633667,3174,-0.028356680646538734,-0.0,-0.06888409703969955,-0.06888409703969955,0.13161218166351318,69.725,-0.29169526547193525,0.44163626432418823,0.3721279203891754,0.28169867396354675,1632000
0.009397109970450401,2.3213438987731934,2.3154942989349365,3.795388698577881,2.3221774101257324,2.48891019821167,0.5522089004516602,3174,0.23878635466098785,-0.0,0.24413630366325378,0.24413630366325378,0.03907828405499458,72.125,0.06945101171731949,0.2281830608844757,0.17705480754375458,0.1718563586473465,1640000
0.03819815069437027,2.5149831771850586,2.4923415184020996,3.8569653034210205,2.4762625694274902,2.566321849822998,-0.024557828903198242,3176,0.018870191648602486,-0.0,0.02594299055635929,0.02594299055635929,0.037180833518505096,73.5,-1.2433528900146484e-05,0.19791488349437714,0.1320609748363495,0.13210979104042053,1648000
0.012920456938445568,2.5142807960510254,2.5055856704711914,3.8656299114227295,2.598876476287842,2.516575813293457,-0.7460435628890991,3176,0.1637311577796936,-0.0,0.1710851788520813,0.1710851788520813,0.0356234535574913,77.6,0.04173121303319931,0.2759024202823639,0.13815435767173767,0.24858000874519348,1656000
0.07200842350721359,3.311582565307617,3.2696971893310547,4.05348539352417,3.5316081047058105,2.4064698219299316,0.5994656085968018,3176,-0.08254261314868927,-0.0,-0.09088528156280518,-0.09088528156280518,0.0648147240281105,84.55,-0.013963031768798827,0.38650837540626526,0.3350841701030731,0.22543051838874817,1664000
0.0405767485499382,2.804469347000122,2.7808775901794434,3.9226737022399902,2.9290809631347656,2.4922854900360107,0.6214157342910767,3175,0.20291125774383545,-0.0,0.19892892241477966,0.19892892241477966,0.057810407131910324,73.525,-0.22327056676149368,0.3495369851589203,0.18395593762397766,0.2896428406238556,1672000
0.027696385979652405,1.983867883682251,1.9661377668380737,3.846670627593994,1.9714441299438477,2.5420899391174316,0.47110629081726074,3175,0.024400366470217705,-0.0,0.039322927594184875,0.039322927594184875,0.02099667116999626,77.2,0.0977802261710167,0.19030334055423737,0.15029752254486084,0.09721042215824127,1680000
0.04192550852894783,2.333956241607666,2.3088035583496094,4.147599220275879,2.4722065925598145,2.4479448795318604,0.70969557762146,3175,0.013478361070156097,-0.0,0.01877392828464508,0.01877392828464508,0.03836775943636894,72.475,-0.16784194707870484,0.3105024993419647,0.24726666510105133,0.15342067182064056,1688000
0.01993064396083355,1.652565360069275,1.6406426429748535,3.8859469890594482,1.6980431079864502,2.516677141189575,0.9360447525978088,3175,0.028306560590863228,-0.0,0.04754774644970894,0.04754774644970894,0.011851171031594276,81.65,-0.14001459032297134,0.1503908783197403,0.12216286361217499,0.07568027079105377,1696000
0.1505739390850067,4.749220848083496,4.666022300720215,4.040425777435303,5.128022193908691,2.514887809753418,0.3551151752471924,3175,-0.15281204879283905,-0.0,-0.22888247668743134,-0.22888247668743134,0.202438622713089,76.7,-0.056079596281051636,0.609430730342865,0.3911163806915283,0.42497316002845764,1704000
0.026737144216895103,2.9248757362365723,2.9085705280303955,3.972155809402466,3.402345657348633,2.53975248336792,0.08599048852920532,3175,0.22648762166500092,-0.0,0.23204851150512695,0.23204851150512695,0.03967324644327164,71.65,-0.09817789494991302,0.2977099120616913,0.2181287407875061,0.1971486359834671,1712000
0.05881757289171219,2.8402211666107178,2.804795265197754,3.9499568939208984,2.959390163421631,2.533440113067627,0.599301815032959,3173,0.08435086160898209,-0.0,0.06829603016376495,0.06829603016376495,0.08277846872806549,84.275,0.22458918392658234,0.2614920735359192,0.19960644841194153,0.18987400829792023,1720000
0.05314594507217407,2.216801404953003,2.189268112182617,3.9383304119110107,2.10665225982666,2.5638020038604736,0.6664917469024658,3173,-0.16614656150341034,-0.0,-0.17039915919303894,-0.17039915919303894,0.059781212359666824,75.15,-0.36535059213638305,0.606840193271637,0.5456362962722778,0.2880123257637024,1728000
0.04343458265066147,3.968383312225342,3.93257737159729,4.175058364868164,5.065454959869385,2.3344476222991943,0.8943940997123718,3174,0.10139746963977814,-0.0,0.10744426399469376,0.10744426399469376,0.03459535166621208,76.45,-0.49214051812887194,0.3696478009223938,0.30775216221809387,0.17930728197097778,1736000
0.025515487417578697,2.295199155807495,2.2792248725891113,3.8753464221954346,2.3218860626220703,2.5443382263183594,0.2348257303237915,3173,0.12307903915643692,-0.0,0.13259533047676086,0.13259533047676086,0.031854189932346344,78.525,-0.08442922830581664,0.20798757672309875,0.14609774947166443,0.15304753184318542,1744000
0.1079481989145279,3.6977391242980957,3.6394639015197754,4.004846096038818,3.7982583045959473,2.539259672164917,0.27075791358947754,3172,-0.06029888987541199,-0.0,-0.09267406165599823,-0.09267406165599823,0.11553553491830826,82.375,-9.924173355102538e-07,0.43806660175323486,0.3555963635444641,0.18421512842178345,1752000
0.07357998192310333,3.119554042816162,3.080857276916504,3.876995801925659,2.9987733364105225,2.489227771759033,0.7864342927932739,3170,-0.068412646651268,-0.0,-0.07709167897701263,-0.07709167897701263,0.06714262068271637,77.55,-0.07045502960681915,0.36333951354026794,0.2839714586734772,0.1813567578792572,1760000
0.10491599142551422,3.7150943279266357,3.659595251083374,4.0762834548950195,3.8799045085906982,2.5484161376953125,0.09497606754302979,3171,0.055486999452114105,-0.0,0.030443811789155006,0.030443811789155006,0.10105469077825546,84.325,-0.18334198296070098,0.5011091232299805,0.4754343032836914,0.20147553086280823,1768000
0.05838613957166672,2.5408084392547607,2.5077950954437256,3.9356327056884766,2.5295095443725586,2.4654386043548584,0.5527966618537903,3170,-0.09276072680950165,-0.0,-0.08698984980583191,-0.08698984980583191,0.037767015397548676,68.3,-0.2398879587650299,0.2734403908252716,0.18264855444431305,0.20363137125968933,1776000
0.23789843916893005,4.75058650970459,4.617323875427246,3.841935396194458,4.83176326751709,2.4770007133483887,0.5470918416976929,3170,-0.3282167315483093,-0.0,-0.3885931670665741,-0.3885931670665741,0.17029283940792084,77.4,0.1694770112633705,0.5169253349304199,0.39861664175987244,0.298690527677536,1784000
0.041567325592041016,2.1199214458465576,2.0954556465148926,3.8791966438293457,2.1781108379364014,2.5124318599700928,0.7388162016868591,3169,-0.022824401035904884,-0.0,-0.01953466795384884,-0.01953466795384884,0.04366917163133621,81.775,-0.014108496904373168,0.23008760809898376,0.18284638226032257,0.14524027705192566,1792000
0.06833621859550476,3.4780540466308594,3.4419102668762207,3.8116633892059326,3.4723708629608154,2.511552572250366,0.5256830453872681,3169,0.09763436764478683,-0.0,0.058482807129621506,0.058482807129621506,0.12853418290615082,76.925,0.2688452363014221,0.45773470401763916,0.38720953464508057,0.30153143405914307,1800000
0.03025190904736519,2.542301654815674,2.5255441665649414,3.9169178009033203,2.567085027694702,2.548910617828369,0.609337329864502,3168,0.14078374207019806,-0.0,0.14042112231254578,0.14042112231254578,0.05170346051454544,72.725,0.1981399565935135,0.3139339089393616,0.26601332426071167,0.13781417906284332,1808000
0.15040899813175201,4.24843168258667,4.1693620681762695,4.009354591369629,4.187819480895996,2.5523972511291504,0.42706602811813354,3168,-0.1364721655845642,-0.0,-0.20029482245445251,-0.20029482245445251,0.1786932647228241,72.1,0.07079886645078659,0.6193544268608093,0.49778223037719727,0.3213137686252594,1816000
0.4597773551940918,9.024213790893555,8.77575969696045,4.114567279815674,9.148175239562988,2.5306811332702637,0.21074140071868896,3167,-0.8821576833724976,-0.0,-1.0861151218414307,-1.0861151218414307,0.4585285186767578,81.0,-0.15590713918209076,1.1190836429595947,0.7377800345420837,0.8324716687202454,1824000
0.08278001844882965,3.9081645011901855,3.86322021484375,3.868053913116455,3.8977036476135254,2.5690596103668213,0.46669936180114746,3167,0.1415790319442749,-0.0,0.12751923501491547,0.12751923501491547,0.07950078696012497,75.95,0.01419631838798523,0.42477697134017944,0.3679099678993225,0.17735783755779266,1832000
0.024367013946175575,2.6730220317840576,2.6583149433135986,3.9343090057373047,2.7244062423706055,2.6033997535705566,-0.40717828273773193,3167,0.14584960043430328,-0.0,0.15386180579662323,0.15386180579662323,0.03604358434677124,75.5,0.07093052715063095,0.19724680483341217,0.16491587460041046,0.14182399213314056,1840000
0.09740146994590759,3.280224561691284,3.2266693115234375,3.9062657356262207,3.3261818885803223,2.5564894676208496,0.4181891679763794,3166,-0.05983459949493408,-0.0,-0.08284661918878555,-0.08284661918878555,0.09715382754802704,79.675,0.17033652514219283,0.3667979836463928,0.29848507046699524,0.20178687572479248,1848000
0.015764888375997543,1.7666717767715454,1.7565233707427979,3.927799701690674,1.8691174983978271,2.440915107727051,0.8898831605911255,3165,0.05937737226486206,-0.0,0.07505181431770325,0.07505181431770325,0.01746942475438118,85.5,0.07101562470197678,0.1504283845424652,0.1271807849407196,0.0843329206109047,1856000
0.06331272423267365,2.670013427734375,2.634453296661377,3.9511375427246094,2.7333366870880127,2.509064197540283,0.7833951711654663,3164,-0.029224922880530357,-0.0,-0.028162967413663864,-0.028162967413663864,0.048057373613119125,72.625,-0.3696981847286224,0.32311320304870605,0.18068715929985046,0.24574014544487,1864000
0.1595948189496994,5.085936069488525,5.0005717277526855,3.987705945968628,5.128565788269043,2.562838077545166,0.012163162231445312,3165,-0.126567542552948,-0.0,-0.24466347694396973,-0.24466347694396973,0.28744861483573914,77.875,-0.014300377666950225,0.5475587844848633,0.4209938645362854,0.335029661655426,1872000
0.14722557365894318,4.982790946960449,4.899173259735107,4.305501461029053,5.322200775146484,2.4478955268859863,0.5135599970817566,3164,0.025266801938414574,-0.0,-0.026887711137533188,-0.026887711137533188,0.15326693654060364,78.75,-0.09970540553331375,0.5287862420082092,0.46383967995643616,0.2944161891937256,1880000
0.015631087124347687,2.2971994876861572,2.2867367267608643,4.130615711212158,2.4832921028137207,2.440242290496826,0.7883241176605225,3164,0.16346119344234467,-0.0,0.175486221909523,0.175486221909523,0.024754786863923073,71.275,0.3846526205539703,0.2580448091030121,0.1872471272945404,0.16222862899303436,1888000
0.048263635486364365,2.830162763595581,2.799792766571045,4.6712541580200195,3.1415562629699707,2.428222179412842,0.8620898127555847,3163,-0.029926877468824387,-0.0,-0.02861126884818077,-0.02861126884818077,0.04593322426080704,75.25,0.09977973997592926,0.24985970556735992,0.19361446797847748,0.16898562014102936,1896000
0.02821826934814453,2.312605619430542,2.295753240585327,4.093070030212402,2.412810802459717,2.5056209564208984,0.8620759844779968,3164,0.019699111580848694,-0.0,0.03189627081155777,0.03189627081155777,0.025718102231621742,77.575,0.1283777579665184,0.22396914660930634,0.1741715520620346,0.11743707209825516,1904000
0.20659177005290985,5.527927398681641,5.4200849533081055,4.095605850219727,5.680985927581787,2.476327657699585,0.7217133045196533,3165,0.1709153652191162,-0.0,0.15926101803779602,0.15926101803779602,0.07283523678779602,87.175,0.28555340617895125,0.6918371915817261,0.6651145219802856,0.21124982833862305,1912000
0.03216545283794403,2.467038154602051,2.4466614723205566,3.950043201446533,2.5992040634155273,2.494479179382324,0.8533334732055664,3165,0.052299484610557556,-0.0,0.06593065708875656,0.06593065708875656,0.02262723259627819,69.175,0.1571774497628212,0.20894305408000946,0.15274488925933838,0.13363732397556305,1920000
0.030264168977737427,2.755699396133423,2.7374837398529053,3.91399884223938,2.7899136543273926,2.5534801483154297,0.8246215581893921,3165,0.17827075719833374,-0.0,0.1871938407421112,0.1871938407421112,0.033223461359739304,79.75,0.41469268053770064,0.24588671326637268,0.16561713814735413,0.17506973445415497,1928000
0.04195081815123558,2.2419209480285645,2.21488356590271,4.798933982849121,2.6639323234558105,2.3014988899230957,0.6046709418296814,3165,-0.0028854217380285263,-0.0,0.001120516681112349,0.001120516681112349,0.03801809996366501,78.0,0.14307059943675995,0.2310556024312973,0.18937434256076813,0.12973208725452423,1936000
0.11335549503564835,4.2287797927856445,4.159081935882568,4.324621200561523,4.860893726348877,2.392932176589966,0.26970672607421875,3165,0.0423513799905777,-0.0,0.011509728617966175,0.011509728617966175,0.10954193770885468,78.85,1.0426342487335206e-05,0.431894451379776,0.3701970875263214,0.2526022791862488,1944000
0.1022469624876976,3.6750264167785645,3.6141345500946045,4.295384407043457,3.9092419147491455,2.3919875621795654,0.4433351159095764,3165,-0.033020980656147,-0.0,-0.06067655235528946,-0.06067655235528946,0.10315088927745819,72.925,-0.17190669924020768,0.4329266846179962,0.36153391003608704,0.2252397984266281,1952000
0.14826619625091553,3.780705213546753,3.7020459175109863,3.935492753982544,3.6526291370391846,2.4856085777282715,0.6734318733215332,3166,-0.26592710614204407,-0.0,-0.30867376923561096,-0.30867376923561096,0.13520550727844238,68.75,0.3296298637986183,0.5150527954101562,0.37771347165107727,0.3644854426383972,1960000
0.5625325441360474,10.3513822555542,10.03817367553711,3.9860687255859375,10.780797958374023,2.3916027545928955,0.4784936308860779,3164,-0.5926579833030701,-0.0,-0.764933705329895,-0.764933705329895,0.3923834264278412,69.625,0.34414614289999007,1.4322879314422607,1.0725045204162598,0.7507853507995605,1968000
0.19122079014778137,4.635970592498779,4.530726432800293,3.8960251808166504,4.683228015899658,2.512427806854248,0.4185259938240051,3164,-0.3715704679489136,-0.0,-0.47608262300491333,-0.47608262300491333,0.25927287340164185,84.275,0.20080865770578385,0.7306163311004639,0.6114615797996521,0.4039853513240814,1976000
0.015929702669382095,2.666088581085205,2.656266689300537,3.9408912658691406,2.9123456478118896,2.4554405212402344,0.8328773379325867,3164,0.23577609658241272,-0.0,0.24558012187480927,0.24558012187480927,0.029500773176550865,85.675,0.4592819407582283,0.27108052372932434,0.19226181507110596,0.19445887207984924,1984000
0.12464165687561035,3.6793899536132812,3.60587739944458,3.8822708129882812,3.812810182571411,2.477346420288086,0.3348311185836792,3164,-0.139784038066864,-0.0,-0.13963773846626282,-0.13963773846626282,0.04925433173775673,82.7,0.3302721485495567,0.5202122330665588,0.4827691316604614,0.16278809309005737,1992000
0.1425991952419281,4.002861022949219,3.933370590209961,3.9225833415985107,3.85553240776062,2.53120756149292,0.57122802734375,3164,-0.21828202903270721,-0.0,-0.26383668184280396,-0.26383668184280396,0.14173348248004913,79.225,-0.05754153877496719,0.9391803741455078,0.7882236242294312,0.3543257415294647,2000000
0.08845842629671097,2.828526258468628,2.7794904708862305,3.964867353439331,2.8811745643615723,2.385167121887207,0.523742139339447,3164,-0.08544974029064178,-0.0,-0.10737790167331696,-0.10737790167331696,0.09155967086553574,73.7,-0.028764763474464418,0.43007686734199524,0.33811861276626587,0.270323246717453,2008000
0.034157294780015945,1.9835116863250732,1.9628082513809204,4.029784202575684,1.977908730506897,2.43442440032959,0.8094530701637268,3164,-0.042806677520275116,-0.0,-0.02770588919520378,-0.02770588919520378,0.018486905843019485,76.475,0.546835744380951,0.19692477583885193,0.16690942645072937,0.09986091405153275,2016000
0.04216689243912697,2.4368271827697754,2.411155939102173,3.8357932567596436,2.5072379112243652,2.4378514289855957,0.6274385452270508,3165,0.056869588792324066,-0.0,0.06436574459075928,0.06436574459075928,0.033764712512493134,73.825,0.05759577751159668,0.22903652489185333,0.1762295812368393,0.14486180245876312,2024000
0.0340685173869133,2.496321201324463,2.475579261779785,4.207739353179932,2.5575973987579346,2.4323458671569824,0.733679473400116,3163,0.09510430693626404,-0.0,0.10525958240032196,0.10525958240032196,0.028336357325315475,73.3,0.4179448887705803,0.2676946222782135,0.21419376134872437,0.1507767140865326,2032000
0.09640823304653168,3.469691038131714,3.4182934761047363,3.821312665939331,3.4427542686462402,2.4620285034179688,0.7169428467750549,3163,-0.021634092554450035,-0.0,-0.047283731400966644,-0.047283731400966644,0.10053984820842743,75.575,0.3027487754821777,0.35645583271980286,0.26703283190727234,0.2525966763496399,2040000
0.022598281502723694,1.787964105606079,1.7736798524856567,3.943842649459839,1.840044379234314,2.4145894050598145,0.80670166015625,3162,0.013503346592187881,-0.0,0.029142681509256363,0.029142681509256363,0.01701311767101288,73.35,0.072116819024086,0.17357996106147766,0.11629278212785721,0.11337700486183167,2048000
0.012522864155471325,1.4572336673736572,1.448925495147705,4.302306175231934,1.6312007904052734,2.3935487270355225,0.9534962773323059,3162,0.05176849663257599,-0.0,0.06931456178426743,0.06931456178426743,0.012778842821717262,85.725,0.17321653068065643,0.172779381275177,0.1268332451581955,0.10872436314821243,2056000
0.026149991899728775,1.764864206314087,1.750260353088379,3.9870052337646484,1.8011348247528076,2.4066660404205322,0.9364663362503052,3161,0.008098363876342773,-0.0,0.023798586800694466,0.023798586800694466,0.016732875257730484,71.8,0.4768017753958702,0.17916043102741241,0.15085150301456451,0.1036367416381836,2064000
0.020562175661325455,2.1287548542022705,2.1156418323516846,4.079586982727051,2.2648050785064697,2.3796045780181885,0.9389846324920654,3162,0.112169049680233,-0.0,0.12562796473503113,0.12562796473503113,0.020674267783761024,75.75,0.23137687742710114,0.22000743448734283,0.1449638158082962,0.15481562912464142,2072000
0.26100945472717285,6.305315971374512,6.174622535705566,3.842877149581909,6.046720027923584,2.397698402404785,0.557561993598938,3161,-0.24931886792182922,-0.0,-0.32550495862960815,-0.32550495862960815,0.20032615959644318,73.825,0.1446623370051384,0.549062967300415,0.42983588576316833,0.32701945304870605,2080000
0.03457379341125488,3.1522603034973145,3.1313042640686035,4.064733505249023,3.7127017974853516,2.422224760055542,0.8883876800537109,3160,0.011650368571281433,-0.0,0.026833530515432358,0.026833530515432358,0.018078166991472244,78.175,0.41976399421691896,0.22416675090789795,0.1847085952758789,0.1192028596997261,2088000
0.054286133497953415,3.1637942790985107,3.131439208984375,4.018670558929443,3.2591030597686768,2.448157787322998,0.8471441864967346,3160,0.05571267753839493,-0.0,0.06398804485797882,0.06398804485797882,0.03241242840886116,79.525,0.08688391000032425,0.28170257806777954,0.2272898256778717,0.14988309144973755,2096000
0.08753269165754318,3.2388222217559814,3.1938319206237793,7.593270778656006,4.006211280822754,2.408281087875366,0.422626256942749,3160,-0.05477557331323624,-0.0,-0.08559904247522354,-0.08559904247522354,0.10981255769729614,74.125,0.6376894533634185,0.43671801686286926,0.25814828276634216,0.3248215913772583,2104000
0.059534359723329544,2.284346342086792,2.250887870788574,3.7885022163391113,2.1566450595855713,2.462864875793457,0.8083081245422363,3160,-0.13530856370925903,-0.0,-0.12577934563159943,-0.12577934563159943,0.030198877677321434,80.625,0.3770125895738602,0.27272462844848633,0.1912868320941925,0.1724979132413864,2112000
0.03588632494211197,2.524000406265259,2.502495765686035,3.867358684539795,2.4562835693359375,2.437730073928833,0.9281193017959595,3159,0.018308395519852638,-0.0,0.031693387776613235,0.031693387776613235,0.021984616294503212,79.675,0.43504588305950165,0.2723589539527893,0.23738081753253937,0.13967911899089813,2120000
0.04318644851446152,2.313053846359253,2.2893497943878174,4.009997367858887,2.326371669769287,2.3190951347351074,0.5671182870864868,3158,0.05668693035840988,-0.0,0.06235368922352791,0.06235368922352791,0.035048387944698334,76.225,0.5657184377312661,0.2607928216457367,0.19201155006885529,0.19508427381515503,2128000
0.057712458074092865,2.1517653465270996,2.1157946586608887,4.123414993286133,2.2423763275146484,2.377361536026001,0.741331934928894,3158,-0.17910456657409668,-0.0,-0.16542521119117737,-0.16542521119117737,0.020188501104712486,76.5,-0.13067496567964554,0.21909482777118683,0.15565142035484314,0.15230639278888702,2136000
0.09980074316263199,3.4954440593719482,3.4292774200439453,4.222005844116211,3.748215436935425,2.3769516944885254,0.5521389245986938,3158,-0.11951850354671478,-0.0,-0.11701922118663788,-0.11701922118663788,0.04254046455025673,78.1,-0.3340125933289528,0.32944223284721375,0.2260729819536209,0.23923030495643616,2144000
0.02731386199593544,2.7421133518218994,2.7256879806518555,3.9470512866973877,2.742166042327881,2.404062271118164,0.3554316759109497,3157,0.2597549259662628,-0.0,0.2479245364665985,0.2479245364665985,0.07174202054738998,76.6,0.5666249781847,0.4409814178943634,0.28638023138046265,0.33802497386932373,2152000
0.08274365961551666,3.2198688983917236,3.15863037109375,4.382134914398193,3.640079975128174,2.3871307373046875,0.795478880405426,3156,-0.13393624126911163,-0.0,-0.1292804777622223,-0.1292804777622223,0.03843109309673309,82.525,0.4360376536846161,0.3467807471752167,0.25504252314567566,0.2292395383119583,2160000
0.07246534526348114,3.332547664642334,3.286851406097412,4.3220672607421875,3.6347146034240723,2.2122802734375,0.5561420917510986,3156,0.08106449991464615,-0.0,0.05400624871253967,0.05400624871253967,0.09836210310459137,87.05,0.47980918288230895,0.4832514822483063,0.2975274324417114,0.35141438245773315,2168000
0.04759999364614487,2.938788414001465,2.9095873832702637,3.9075534343719482,2.8441052436828613,2.3936591148376465,0.5333265066146851,3155,-0.061509840190410614,-0.0,-0.0500774011015892,-0.0500774011015892,0.025008296594023705,83.675,0.29087635576725007,0.2302292436361313,0.1765846461057663,0.13439786434173584,2176000
0.021395083516836166,2.9075119495391846,2.8937981128692627,3.7909398078918457,2.8223767280578613,2.378406047821045,0.6212186813354492,3156,0.1935456097126007,-0.0,0.19867531955242157,0.19867531955242157,0.037308692932128906,77.875,-0.30560633093118666,0.2734302878379822,0.24795518815517426,0.1424349993467331,2184000
0.03787018731236458,2.0587964057922363,2.035472869873047,4.0892653465271,2.137146472930908,2.3942506313323975,0.7953388094902039,3156,-0.027573294937610626,-0.0,-0.01435517705976963,-0.01435517705976963,0.02144877426326275,72.275,0.20380456745624542,0.17133267223834991,0.1406855434179306,0.0951044112443924,2192000
0.10781834274530411,3.151181221008301,3.0931763648986816,3.847820281982422,3.0441911220550537,2.3509860038757324,0.4727974534034729,3155,-0.2033783197402954,-0.0,-0.2203095257282257,-0.2203095257282257,0.08088213205337524,76.075,0.49521009624004364,0.3526757061481476,0.29015594720840454,0.19840838015079498,2200000
0.01644163578748703,2.6752936840057373,2.664987564086914,3.9498953819274902,2.756718635559082,2.4398386478424072,0.608292281627655,3155,0.20106405019760132,-0.0,0.20640477538108826,0.20640477538108826,0.038115330040454865,87.75,0.6266536310315132,0.30913329124450684,0.25951215624809265,0.16598379611968994,2208000
0.056039392948150635,2.5119404792785645,2.4764108657836914,4.0593671798706055,2.556105613708496,2.421940565109253,0.8293439745903015,3155,0.0006469283252954483,-0.0,0.006924578454345465,0.006924578454345465,0.03588350862264633,76.6,0.40819782912731173,0.20358946919441223,0.15783070027828217,0.12425610423088074,2216000
0.05034620314836502,2.647684097290039,2.6189990043640137,3.8777313232421875,2.684478282928467,2.4469962120056152,0.8156791925430298,3155,0.01300830952823162,-0.0,0.019705835729837418,0.019705835729837418,0.03554487228393555,75.6,0.2333785578608513,0.3304591178894043,0.2755082845687866,0.17124781012535095,2224000
0.046873778104782104,2.5977416038513184,2.5682830810546875,4.003254413604736,2.856694459915161,2.3862850666046143,0.5518239140510559,3155,-0.022207364439964294,-0.0,-0.020976750180125237,-0.020976750180125237,0.04526447132229805,71.8,0.32109794318675994,0.3419119119644165,0.18466605246067047,0.27421677112579346,2232000
0.02337637171149254,2.6757054328918457,2.6602795124053955,4.1874098777771,2.5812439918518066,2.3522226810455322,0.924159824848175,3155,0.12465125322341919,-0.0,0.13296304643154144,0.13296304643154144,0.03042086400091648,77.375,0.3797442510724068,0.29499953985214233,0.2044524848461151,0.21503369510173798,2240000
0.17892102897167206,4.545001983642578,4.445981979370117,3.896559238433838,4.472460746765137,2.4434993267059326,0.5246247053146362,3155,-0.3577449917793274,-0.0,-0.4186515808105469,-0.4186515808105469,0.1706831306219101,76.65,0.628234526515007,0.7008671164512634,0.578473687171936,0.45179563760757446,2248000
0.021376337856054306,2.090458393096924,2.077563524246216,3.9687881469726562,2.191554069519043,2.450674057006836,0.9139435291290283,3155,0.09440718591213226,-0.0,0.1105269193649292,0.1105269193649292,0.0167740136384964,83.1,0.3508355751633644,0.21055856347084045,0.154462069272995,0.1288766860961914,2256000
0.29951053857803345,4.860894203186035,4.770224094390869,3.8754334449768066,3.428743839263916,2.443154811859131,0.5220052599906921,3154,-0.09951605647802353,-0.0,-0.09975071251392365,-0.09975071251392365,0.04933241754770279,73.75,0.42415732741355894,0.48928576707839966,0.4289814531803131,0.19288606941699982,2264000
0.16824600100517273,4.310730457305908,4.217527866363525,3.992647647857666,4.303802013397217,2.4083168506622314,0.6019653081893921,3153,-0.23897002637386322,-0.0,-0.2738626301288605,-0.2738626301288605,0.11795153468847275,84.45,0.4681270182132721,0.6868117451667786,0.46193572878837585,0.42914772033691406,2272000
0.15770003199577332,4.386500358581543,4.293421745300293,3.9478981494903564,4.599139213562012,2.503934383392334,0.5008484125137329,3152,-0.16075077652931213,-0.0,-0.229786679148674,-0.229786679148674,0.18815049529075623,80.85,0.3806000292301178,0.6200066208839417,0.5422254204750061,0.31193119287490845,2280000
0.032677073031663895,2.010535717010498,1.991224765777588,4.335477352142334,2.072115898132324,2.309046506881714,0.9364923238754272,3151,-0.03234502673149109,-0.0,-0.026795674115419388,-0.026795674115419388,0.03508222848176956,86.65,0.4978403374552727,0.28301483392715454,0.19475187361240387,0.21384339034557343,2288000
0.07916636019945145,2.609086513519287,2.5644655227661133,4.014813423156738,2.601335048675537,2.436408758163452,0.8343859910964966,3151,-0.17878849804401398,-0.0,-0.17103835940361023,-0.17103835940361023,0.03322788327932358,65.35,0.5566562503576279,0.34692448377609253,0.26247531175613403,0.24946901202201843,2296000
0.09554269164800644,2.9518845081329346,2.899484395980835,4.040037631988525,3.1327028274536133,2.4444642066955566,0.5932469367980957,3151,-0.13467533886432648,-0.0,-0.15923628211021423,-0.15923628211021423,0.09801115840673447,81.525,0.10258063971996308,0.5233423113822937,0.3326059877872467,0.37601348757743835,2304000
0.08258887380361557,3.577113389968872,3.5280189514160156,4.126696586608887,3.755892515182495,2.407527446746826,0.12899810075759888,3151,-0.005943361669778824,-0.0,-0.033086277544498444,-0.033086277544498444,0.1024363785982132,79.975,0.5278550148010254,0.4670071005821228,0.347905695438385,0.3014083504676819,2312000
0.03709571436047554,2.709587812423706,2.687433958053589,4.1337571144104,2.953983783721924,2.32521915435791,0.5874671936035156,3151,0.1317996084690094,-0.0,0.13600237667560577,0.13600237667560577,0.038098838180303574,81.025,0.20532900094985962,0.2802900969982147,0.23075789213180542,0.16113732755184174,2320000
