,eplenmean,eprewmean,fps,loss/approxkl,loss/clipfrac,loss/policy_entropy,loss/policy_loss,loss/value_loss,misc/explained_variance,misc/nupdates,misc/serial_timesteps,misc/time_elapsed,misc/total_timesteps
0,84.16499999999999,-3.025,1186.5,0.0002023185,0.0,2.7078477,-0.000656123475,0.42379575999999997,-0.018359839916229248,1.0,256.0,13.8034454574954,16384
1,80.055,-1.9500000000000002,1846.5,0.00027243947,0.00040690103,2.706623,-0.000614943285,0.14442106999999998,0.051142722368240356,2.0,512.0,22.695595396507997,32768
2,80.18,-2.6449999999999996,1829.0,0.00176877245,0.0061645507,2.70001405,-0.0015875029999999999,0.14480172,0.11042362451553345,3.0,768.0,31.653507145500043,49152
3,80.68,-2.1950000000000003,1803.5,0.0029291396999999997,0.0160725915,2.6825427,-0.0022134771,0.13002765,0.22598671913146973,4.0,1024.0,40.73665367602371,65536
4,75.11500000000001,-2.01,1798.5,0.0034335714,0.018188476500000002,2.6698248499999995,-0.00280458245,0.12189265799999999,0.29161760210990906,5.0,1280.0,49.84543844101427,81920
5,77.375,-1.73,1797.5,0.0023589751500000004,0.00800577825,2.66085125,-0.0025181654,0.10707806249999999,0.4219224750995636,6.0,1536.0,58.96839029149851,98304
6,73.725,-1.415,1795.0,0.0025898606,0.0146179205,2.6456413000000003,-0.0032391876000000003,0.09552816,0.5357121974229813,7.0,1792.0,68.09603835349844,114688
7,75.125,-1.5,1812.0,0.00440466615,0.036112468999999994,2.6372341,-0.00589421335,0.07988131,0.616184338927269,8.0,2048.0,77.13575826049782,131072
8,75.15,-0.955,1819.5,0.00478186345,0.0492146795,2.6252793,-0.006051833999999999,0.065088365,0.6377477049827576,9.0,2304.0,86.13897137049935,147456
9,74.78,-1.05,1813.0,0.0045233886,0.043843586500000004,2.63062965,-0.0065708142,0.060905363500000004,0.7039250880479813,10.0,2560.0,95.17374781052058,163840
10,74.03,-1.01,1826.5,0.00505619,0.0525919585,2.6172415,-0.00791157325,0.064317955,0.7018001526594162,11.0,2816.0,104.15131696649769,180224
11,76.89,-0.14,1823.5,0.00504201715,0.056162514999999996,2.6185963999999995,-0.0084226105,0.0456503355,0.763070598244667,12.0,3072.0,113.1349998844962,196608
12,73.495,-0.11,1819.5,0.005234393699999999,0.060089111,2.61138635,-0.0096221985,0.054263294000000004,0.7105882912874222,13.0,3328.0,122.13788178699906,212992
13,75.11,0.0,1804.5,0.005194719,0.060506185000000004,2.6079832,-0.0092793475,0.05719065,0.7054760903120041,14.0,3584.0,131.2149935849884,229376
14,78.62,-0.14500000000000002,1813.5,0.00572741075,0.065785725,2.59217655,-0.0099284535,0.0522328315,0.7725808247923851,15.0,3840.0,140.24796558149683,245760
15,80.93,0.04,1813.5,0.0057069081,0.0689697275,2.5984385000000003,-0.011286034,0.05252282,0.7541864886879921,16.0,4096.0,149.28930530551588,262144
16,76.875,-0.115,1815.5,0.0069703343,0.08731079,2.5852798000000003,-0.01116321,0.0564777235,0.7596693709492683,17.0,4352.0,158.31435234099627,278528
17,80.25,0.125,1813.0,0.0076637244,0.099426268,2.5824821,-0.0115072895,0.06502532,0.6970411390066147,18.0,4608.0,167.34802588100138,294912
18,82.38499999999999,0.42000000000000004,1812.5,0.0078417695,0.10425822,2.575029,-0.013725895,0.0505756755,0.7385650649666786,19.0,4864.0,176.38698154651502,311296
19,78.065,0.3,1821.0,0.008056848,0.1036783825,2.57139825,-0.0130598605,0.050955721499999995,0.7479306235909462,20.0,5120.0,185.3826176335133,327680
20,80.255,0.6,1823.5,0.009954227999999999,0.12944539500000002,2.5754060999999995,-0.010929729,0.0515053035,0.742475651204586,21.0,5376.0,194.37381300902052,344064
21,77.325,0.585,1824.5,0.0082783685,0.106903075,2.56427565,-0.012955576,0.056133611,0.7426605075597763,22.0,5632.0,203.35106422950045,360448
22,82.61500000000001,0.6599999999999999,1826.5,0.008863734,0.1128540025,2.5620797,-0.01445699475,0.049724727999999996,0.7339331209659576,23.0,5888.0,212.3194621385046,376832
23,80.765,0.71,1822.5,0.0097899485,0.130086265,2.5511795,-0.0152016045,0.0499633525,0.8035800755023956,24.0,6144.0,221.30799093699892,393216
24,83.235,0.685,1823.0,0.009404089000000001,0.12439982,2.5532561499999997,-0.013689025,0.05249425049999999,0.7425540015101433,25.0,6400.0,230.29349290949176,409600
25,80.95,0.495,1818.5,0.00937749275,0.11981201,2.5417135,-0.014774016,0.0573008305,0.7229213789105415,26.0,6656.0,239.31108199049774,425984
26,81.27,0.9949999999999999,1818.0,0.00939228575,0.1232605,2.5307519,-0.01407807225,0.040146432999999995,0.7948845401406288,27.0,6912.0,248.321182644504,442368
27,79.745,0.905,1815.5,0.010567588499999999,0.14137777,2.51323105,-0.015676586,0.04054614,0.8093829602003098,28.0,7168.0,257.343107779001,458752
28,81.27000000000001,0.6950000000000001,1820.5,0.01017745225,0.13498942,2.5104400499999997,-0.015482476000000002,0.05820813700000001,0.7776811793446541,29.0,7424.0,266.34234807601024,475136
29,82.505,1.095,1821.5,0.011988221,0.154022215,2.5019108,-0.016294966,0.050683466499999996,0.7758933901786804,30.0,7680.0,275.3354742450174,491520
30,86.63499999999999,1.1400000000000001,1823.5,0.011961385000000001,0.155049645,2.49756615,-0.015083554999999998,0.039149135,0.8282124102115631,31.0,7936.0,284.32650636050676,507904
31,88.44,1.4449999999999998,1824.0,0.009741329,0.127634685,2.50909755,-0.014632446,0.050422761499999996,0.778638444840908,32.0,8192.0,293.3082212265145,524288
32,90.805,1.08,1823.0,0.011013361499999999,0.143809,2.4936315000000002,-0.014510103,0.055253625,0.7727735936641693,33.0,8448.0,302.29289295001945,540672
33,95.05,1.96,1825.5,0.012203589,0.157104495,2.48373945,-0.0129263745,0.041006985999999995,0.7905790731310844,34.0,8704.0,311.26715955502004,557056
34,95.36,1.655,1823.0,0.010376346,0.13804117500000002,2.4673842500000003,-0.015996099,0.049122033999999995,0.8052688911557198,35.0,8960.0,320.2516071415157,573440
35,96.25,1.6800000000000002,1819.0,0.010909656,0.144561765,2.4595041,-0.017025143,0.058272407,0.7901821509003639,36.0,9216.0,329.26573914301116,589824
36,91.375,1.81,1818.5,0.0124698225,0.161295565,2.4494233999999997,-0.01600726675,0.0628671645,0.796787966042757,37.0,9472.0,338.27219390150276,606208
37,96.63,2.16,1817.5,0.010873044,0.140482585,2.4348047999999998,-0.0153884495,0.0503307845,0.8267053067684174,38.0,9728.0,347.2850686245074,622592
38,97.83000000000001,1.9449999999999998,1824.0,0.010462102000000001,0.13971964,2.4407053000000003,-0.0177393595,0.0526613595,0.8002050369977951,39.0,9984.0,356.267072892515,638976
39,97.29499999999999,1.735,1822.5,0.01208755575,0.15877279,2.4421185000000003,-0.0161268345,0.0457897335,0.8437048643827438,40.0,10240.0,365.25421541951073,655360
40,93.22999999999999,2.18,1818.0,0.011378489500000002,0.14543661,2.4325308000000003,-0.0170665125,0.050534367000000004,0.8168878331780434,41.0,10496.0,374.2726015524968,671744
41,99.065,2.1950000000000003,1821.5,0.011575939,0.14969889,2.4204455,-0.017288949999999997,0.051494265,0.8463614210486412,42.0,10752.0,383.26530191699567,688128
42,107.88999999999999,2.525,1822.5,0.012732697999999999,0.16524251,2.4085131000000004,-0.017720458,0.045572404,0.8557408004999161,43.0,11008.0,392.25516683900787,704512
43,103.675,2.805,1814.5,0.012556595,0.15549723,2.3995594999999996,-0.017843356499999997,0.047718448499999996,0.8643730543553829,44.0,11264.0,401.283846954495,720896
44,111.985,2.6550000000000002,1811.0,0.012351704000000002,0.159474695,2.40910995,-0.0167043005,0.0548613705,0.8379148915410042,45.0,11520.0,410.32791426700715,737280
45,119.935,3.005,1824.5,0.011416134000000001,0.149017335,2.40066065,-0.0180596505,0.049023742499999995,0.8579832389950752,46.0,11776.0,419.31474158901256,753664
46,116.345,3.05,1825.5,0.01140180675,0.145090735,2.40161725,-0.017285884,0.0702341075,0.8090656325221062,47.0,12032.0,428.2877521709889,770048
47,117.785,2.9699999999999998,1815.0,0.010392828,0.13816325,2.4129453,-0.0187798645,0.0602435435,0.8376318737864494,48.0,12288.0,437.31175556901144,786432
48,121.21000000000001,2.7,1826.0,0.01171238625,0.15062459,2.4075575,-0.017055745,0.073973617,0.8187431842088699,49.0,12544.0,446.2817098480009,802816
49,119.82,3.0300000000000002,1828.0,0.0111968815,0.14541626000000002,2.38966255,-0.018700208500000003,0.0772070275,0.8326536267995834,50.0,12800.0,455.2443811480043,819200
50,126.56,3.38,1826.5,0.010511183,0.135487875,2.3780651500000003,-0.016520789,0.091362,0.8272058665752411,51.0,13056.0,464.22231565350376,835584
51,134.43,3.6399999999999997,1823.5,0.0098534305,0.1262207,2.3654827999999997,-0.014950194,0.07044685,0.8620577119290829,52.0,13312.0,473.205903860493,851968
52,133.255,3.535,1825.5,0.012268207,0.157287595,2.3536677,-0.018633296,0.057249266,0.8880802504718304,53.0,13568.0,482.17874305501755,868352
53,134.43,3.835,1819.5,0.013158397499999998,0.16195679000000002,2.3321647499999996,-0.017606219,0.0860701465,0.841099351644516,54.0,13824.0,491.181423402013,884736
54,134.205,4.145,1820.5,0.013088364499999998,0.16996257,2.3449184499999998,-0.0143398855,0.12751961,0.8141538575291634,55.0,14080.0,500.18022788199596,901120
55,128.20499999999998,4.109999999999999,1824.0,0.012481623,0.16194661999999999,2.3345085500000002,-0.013247944000000001,0.113953633,0.8136297687888145,56.0,14336.0,509.17041753449297,917504
56,145.16000000000003,4.24,1825.5,0.0118002785,0.15319823999999999,2.3176789500000003,-0.013730106999999998,0.088889298,0.8697368390858173,57.0,14592.0,518.1434371520008,933888
57,139.875,4.9350000000000005,1824.5,0.0117371385,0.150166835,2.3184146,-0.014051455000000001,0.127265247,0.8267858028411865,58.0,14848.0,527.1232368060009,950272
58,131.495,3.645,1827.0,0.01293600575,0.16315715000000003,2.32202075,-0.015794093,0.0935416025,0.8522606194019318,59.0,15104.0,536.0923089319986,966656
59,145.68,4.34,1828.0,0.0133623545,0.17100016,2.31336105,-0.0140746585,0.08900575,0.8835997022688389,60.0,15360.0,545.055225611999,983040
60,145.23,4.37,1827.0,0.0125547515,0.158437095,2.31310065,-0.0165834205,0.09876738,0.8675566203892231,61.0,15616.0,554.030525399503,999424
61,136.3,4.05,1827.0,0.0113212335,0.14511108,2.3121481,-0.0172625065,0.0665406435,0.9094213359057903,62.0,15872.0,562.9974510960019,1015808
62,133.25,4.125,1826.0,0.011952275,0.15073649,2.28314355,-0.016226123000000002,0.09615336499999999,0.8883805684745312,63.0,16128.0,571.9685508450057,1032192
63,146.015,5.02,1827.0,0.008972454500000001,0.10970052250000001,2.2601472,-0.012261730500000002,0.117736157,0.8984429351985455,64.0,16384.0,580.9351106839895,1048576
64,155.4,5.4,1828.5,0.011836148000000001,0.143707275,2.23231615,-0.015035341499999999,0.10729978000000001,0.8985362760722637,65.0,16640.0,589.8943766830198,1064960
65,151.29000000000002,5.66,1829.5,0.011363591499999999,0.140625,2.2452351000000004,-0.0137434565,0.11878424000000001,0.8883888125419617,66.0,16896.0,598.8581761234964,1081344
66,167.865,6.59,1827.0,0.01005867025,0.125050863,2.2320341499999996,-0.01162507825,0.147557165,0.8984748795628548,67.0,17152.0,607.8226728924928,1097728
67,170.515,6.32,1826.5,0.010509489,0.12850952,2.22734185,-0.01155964825,0.12409326000000001,0.915439248085022,68.0,17408.0,616.7929364685115,1114112
68,171.595,6.58,1825.5,0.0108751225,0.13778686499999998,2.2183512,-0.013427063999999999,0.11098387500000001,0.9261203967034817,69.0,17664.0,625.7674694924935,1130496
69,151.265,5.574999999999999,1817.5,0.0126021535,0.15567017,2.2279065000000005,-0.014886773499999999,0.117857565,0.9185725562274456,70.0,17920.0,634.7799906859873,1146880
70,164.57999999999998,6.33,1826.0,0.0115580695,0.14125569500000001,2.2212343,-0.015963304,0.11771966,0.9339720606803894,71.0,18176.0,643.7602777415013,1163264
71,159.21,5.725,1814.0,0.011683458,0.14564005000000002,2.2127696000000006,-0.018588957,0.100413182,0.9324109479784966,72.0,18432.0,652.7911460030155,1179648
72,172.5,6.205,1823.5,0.013276872999999998,0.16560872,2.1777561499999996,-0.014562597,0.139675655,0.9271684661507607,73.0,18688.0,661.7756439840159,1196032
73,171.5,6.885,1823.5,0.012826532,0.157806395,2.1958002,-0.0162717505,0.13311524,0.9289685431867838,74.0,18944.0,670.7565518800111,1212416
74,181.95999999999998,6.82,1816.5,0.01427696325,0.16849772000000002,2.20303295,-0.0171856165,0.136878215,0.9278086293488741,75.0,19200.0,679.7736207584967,1228800
75,188.155,7.195,1825.5,0.012775866,0.157725015,2.20593965,-0.0201782165,0.144991035,0.9358875118196011,76.0,19456.0,688.7561759270029,1245184
76,180.79500000000002,6.5,1825.0,0.014474475249999999,0.16598511,2.2176025,-0.017473334,0.139206565,0.9261782616376877,77.0,19712.0,697.7332801830053,1261568
77,175.575,6.535,1825.0,0.0158524305,0.16219076,2.19768725,-0.0181192275,0.14372279,0.9234513510018587,78.0,19968.0,706.7091791105049,1277952
78,183.085,6.255000000000001,1814.0,0.012549937,0.15286254999999999,2.1964835000000003,-0.018139484,0.12889530999999999,0.9388897176831961,79.0,20224.0,715.7390434210101,1294336
79,183.99,6.92,1825.0,0.0123483995,0.154744465,2.1985718,-0.020871167,0.11745594000000001,0.9434053879231215,80.0,20480.0,724.7164994880004,1310720
80,171.0,6.65,1825.0,0.0132517525,0.156921385,2.178261,-0.0168543495,0.15245314,0.939250037074089,81.0,20736.0,733.702123425508,1327104
81,179.35000000000002,6.945,1823.0,0.013322931,0.155578615,2.162561,-0.0175713925,0.17198722,0.9375994764268398,82.0,20992.0,742.6856821955153,1343488
82,188.42000000000002,7.535,1816.0,0.0119771665,0.14635214000000002,2.1735896,-0.0192288215,0.1411442175,0.9416349194943905,83.0,21248.0,751.7041724680018,1359872
83,197.85500000000002,8.219999999999999,1828.5,0.01203894,0.14577230000000002,2.1382182500000004,-0.018018325,0.14450426,0.9479173999279737,84.0,21504.0,760.66277283401,1376256
84,213.375,9.035,1830.0,0.014017744,0.16957600499999997,2.1143168,-0.019718122499999997,0.15375216000000003,0.9468928929418325,85.0,21760.0,769.6135513479967,1392640
85,207.32,8.844999999999999,1828.0,0.013151865499999998,0.16082764,2.1463718,-0.0205954575,0.14433099,0.9486327609047294,86.0,22016.0,778.5844912144967,1409024
86,185.345,7.1899999999999995,1827.5,0.0138128025,0.16409302,2.147766,-0.018895311,0.16087991000000001,0.9354719575494528,87.0,22272.0,787.5482278685085,1425408
87,188.47,7.1,1825.0,0.014790962,0.176381435,2.1433041999999998,-0.021508248,0.15539776,0.9433180596679449,88.0,22528.0,796.5232033970096,1441792
88,193.85000000000002,7.52,1825.0,0.014436334750000002,0.17768351999999998,2.1178794,-0.01682792,0.15735270499999998,0.9442871157079934,89.0,22784.0,805.4983897830243,1458176
89,184.63,7.359999999999999,1819.5,0.0132675715,0.15966797,2.1431483499999997,-0.017937223500000002,0.181512075,0.9413377288728952,90.0,23040.0,814.5020565870218,1474560
90,186.49,7.475,1823.5,0.011492214,0.136617025,2.0931195000000002,-0.017991872,0.15236453,0.9557587569579482,91.0,23296.0,823.4935095300169,1490944
91,208.38,9.73,1822.0,0.011497099,0.14022827,2.10697785,-0.0186904605,0.17290325,0.9480367284268141,92.0,23552.0,832.4854914855096,1507328
92,199.445,8.285,1826.5,0.015103006,0.17832438,2.0943195,-0.016874171,0.17138043,0.947837820276618,93.0,23808.0,841.4551002385124,1523712
93,199.695,8.24,1828.0,0.013210027999999999,0.15614827,2.1118458,-0.0173994815,0.16934717,0.9519658600911498,94.0,24064.0,850.4159717450093,1540096
94,202.585,7.855,1825.5,0.013372778999999998,0.16423543499999999,2.0932373,-0.020347036,0.177322545,0.94854402448982,95.0,24320.0,859.3900763879938,1556480
95,200.54500000000002,8.184999999999999,1827.0,0.012455662499999999,0.148030595,2.0790398999999997,-0.017913105,0.18026468499999998,0.9568157298490405,96.0,24576.0,868.3647132109909,1572864
96,203.485,8.705,1825.0,0.012735158,0.15884399,2.0659452500000004,-0.0196736285,0.13665678,0.9673887938261032,97.0,24832.0,877.3392749979976,1589248
97,217.015,9.735,1822.5,0.01158104825,0.14133708,2.0634315,-0.018141931,0.215397635,0.9560772385448217,98.0,25088.0,886.3282217209926,1605632
98,211.315,9.325,1827.0,0.01189667,0.14375813999999998,2.04136715,-0.01705154,0.17992550000000002,0.9634191608056426,99.0,25344.0,895.294243174998,1622016
99,208.10000000000002,9.49,1825.5,0.011160726499999999,0.13888549500000003,2.056622,-0.0183620555,0.174272985,0.9616412501782178,100.0,25600.0,904.2667971890041,1638400
100,200.35,8.615,1824.0,0.0134800645,0.14779663,2.0694863999999997,-0.018748905499999996,0.190207925,0.9543604189530016,101.0,25856.0,913.2554252319969,1654784
101,207.79500000000002,9.59,1822.5,0.011366243,0.138885505,2.03461765,-0.0147806385,0.16944571,0.96690524648875,102.0,26112.0,922.2433374954998,1671168
102,219.09500000000003,9.64,1824.0,0.017070838999999997,0.185892735,2.06077395,-0.018527723,0.18601642499999999,0.955135160125792,103.0,26368.0,931.2246609729918,1687552
103,219.19,9.785,1823.5,0.0131383015,0.1608785,2.0234233,-0.0205122435,0.166326955,0.9671319173648953,104.0,26624.0,940.2064779205102,1703936
104,245.395,12.155000000000001,1824.5,0.0128829305,0.158610025,2.0451984000000003,-0.0199703605,0.15331194,0.9672067929059267,105.0,26880.0,949.1850755845226,1720320
105,233.67000000000002,10.940000000000001,1820.5,0.0172954965,0.19441732,2.01570265,-0.021673468,0.153808655,0.9695374332368374,106.0,27136.0,958.192852229011,1736704
106,237.82999999999998,11.84,1825.5,0.014561934499999998,0.176228835,1.99303275,-0.0195768225,0.18948186,0.965794854797423,107.0,27392.0,967.1667789090133,1753088
107,226.64999999999998,10.594999999999999,1823.5,0.011718099,0.143737795,1.9775986999999997,-0.0137719205,0.1923625,0.9719292316585778,108.0,27648.0,976.1493752464886,1769472
108,227.815,10.715,1825.0,0.010934719999999998,0.12756348,1.97567825,-0.0171801575,0.172622555,0.9745531035587192,109.0,27904.0,985.1257912160072,1785856
109,232.995,11.54,1828.5,0.0119869745,0.13997396,2.0148061999999998,-0.0196737715,0.17851518,0.9636571612209082,110.0,28160.0,994.0821179745109,1802240
110,229.05,10.955,1823.0,0.0109634845,0.129831955,1.99098225,-0.0180236855,0.202384115,0.9660516986623406,111.0,28416.0,1003.0751813345123,1818624
111,231.895,10.74,1824.5,0.0129164225,0.15310669,2.0321759999999998,-0.0184406525,0.19391625,0.9656778052449226,112.0,28672.0,1012.0524176920007,1835008
112,221.875,9.645,1824.0,0.012854662,0.14510091,2.00469455,-0.017969934,0.21694508,0.9563377946615219,113.0,28928.0,1021.033670260993,1851392
113,239.51,10.915,1815.5,0.012465725,0.13765462,1.9916715,-0.0160532625,0.22057506,0.9630474802106618,114.0,29184.0,1030.0552295945236,1867776
114,242.85000000000002,11.01,1822.5,0.0151746135,0.174987795,2.0111763000000002,-0.021408338,0.18917473499999998,0.9614735934883356,115.0,29440.0,1039.0425944205053,1884160
115,243.52499999999998,11.5,1820.5,0.0122796695,0.15524292,1.9710603500000001,-0.0175061055,0.16238481999999999,0.9710019594058394,116.0,29696.0,1048.048500468998,1900544
116,242.23499999999999,11.635,1815.0,0.013480645999999999,0.150817875,1.9655641000000001,-0.019454489999999998,0.16456822999999998,0.9718786291778088,117.0,29952.0,1057.0751535814927,1916928
117,242.84,11.28,1817.5,0.012982980500000001,0.159942625,1.978459,-0.019857614000000003,0.20239102,0.9620122406631708,118.0,30208.0,1066.0881061304972,1933312
118,244.0,11.845,1824.0,0.011991567500000001,0.146036785,1.97762415,-0.018934855,0.197444375,0.9684928590431809,119.0,30464.0,1075.0698311625165,1949696
119,235.90500000000003,11.375,1827.0,0.015329962,0.17447917,2.0010017500000004,-0.022704329000000002,0.16559601000000002,0.9668030887842178,120.0,30720.0,1084.0353174434858,1966080
120,254.24,12.4,1828.5,0.01252524975,0.154886885,1.9906468,-0.0181563575,0.174391155,0.9617776107043028,121.0,30976.0,1093.0032788645185,1982464
121,267.685,13.235,1831.0,0.01237183,0.14671834,1.9603647999999998,-0.0186642925,0.164276345,0.9673776626586914,122.0,31232.0,1101.9491448540066,1998848
122,256.505,12.715,1829.0,0.0127356495,0.15288289,1.97182585,-0.015544427999999999,0.22571309,0.9629057636484504,123.0,31488.0,1110.903351934001,2015232
123,246.52,12.555,1829.5,0.011298648500000001,0.13285319,2.0219546,-0.0201703845,0.18337281,0.9672575406730174,124.0,31744.0,1119.8552813300194,2031616
124,272.865,14.32,1827.0,0.010106249,0.127370195,1.9932054,-0.0180414805,0.21271391,0.9600373674184084,125.0,32000.0,1128.8194668960205,2048000
125,269.635,13.855,1826.5,0.01141649775,0.137084965,1.98996075,-0.01728087425,0.20428405,0.9635981125757098,126.0,32256.0,1137.79797917002,2064384
126,278.735,14.57,1823.5,0.01295258,0.1386617,1.98889245,-0.0178230215,0.228539085,0.9571393895894289,127.0,32512.0,1146.7798293600208,2080768
127,276.61,14.305,1826.0,0.011720914,0.14338175,2.0176079,-0.017384856,0.216471855,0.9567844457924366,128.0,32768.0,1155.7496213530103,2097152
128,269.38,13.705,1825.5,0.012177386000000002,0.146230065,2.01059515,-0.018262908,0.207544015,0.9584461664780974,129.0,33024.0,1164.7227675520119,2113536
129,255.08499999999998,13.145,1825.0,0.015193142500000001,0.16947427999999998,2.0024630500000002,-0.022170796,0.18142024,0.9619956826791167,130.0,33280.0,1173.6963001315016,2129920
130,263.43,12.85,1831.0,0.014854189,0.17863973,2.02289315,-0.020792904,0.19238757,0.9623951260000467,131.0,33536.0,1182.6529473375122,2146304
131,256.135,12.155,1828.0,0.016522131500000002,0.18538411500000002,2.0161722500000003,-0.021437739999999997,0.16883774,0.9668462025001645,132.0,33792.0,1191.6143675375206,2162688
132,268.28499999999997,12.995000000000001,1828.0,0.011699378,0.14456176999999998,1.9748483,-0.0181812635,0.213760595,0.9613063838332891,133.0,34048.0,1200.5744649845144,2179072
133,268.19,13.024999999999999,1828.0,0.017438831,0.17493693500000002,1.9853872999999997,-0.0174288005,0.19719525,0.9582992345094681,134.0,34304.0,1209.5363442815142,2195456
134,259.925,13.15,1824.0,0.01440696525,0.167999265,2.0100945,-0.020768394,0.16130575,0.967573719099164,135.0,34560.0,1218.5157554745092,2211840
135,250.89999999999998,12.82,1826.5,0.014430898000000001,0.16733805000000002,2.02917005,-0.016740392,0.18564735999999998,0.9657958634197712,136.0,34816.0,1227.4931369415135,2228224
136,258.745,13.879999999999999,1826.5,0.0116760585,0.13316854250000001,1.9785321,-0.014442268500000001,0.210213945,0.9662628918886184,137.0,35072.0,1236.4615932559973,2244608
137,274.375,15.145,1828.5,0.010605726,0.12535604,1.9901899000000003,-0.015001641,0.175284475,0.9680725298821926,138.0,35328.0,1245.4206402185082,2260992
138,276.53,14.190000000000001,1828.0,0.013776799,0.150177,2.0082205,-0.018540957,0.222896255,0.9558072071522474,139.0,35584.0,1254.3812039929908,2277376
139,263.705,13.05,1819.5,0.013362539,0.157063805,1.9824050500000001,-0.015908583,0.20470523000000002,0.9592606592923403,140.0,35840.0,1263.3836251015164,2293760
140,287.65,15.17,1826.5,0.0132300295,0.16125488500000001,1.9652134,-0.0173612015,0.18143267000000002,0.9626227514818311,141.0,36096.0,1272.3599222280025,2310144
141,299.405,16.29,1823.0,0.012435346,0.141011555,1.9797976499999999,-0.017532797500000002,0.17214132,0.9658145569264888,142.0,36352.0,1281.344954125001,2326528
142,275.08500000000004,14.905,1827.0,0.013006069500000002,0.158854165,2.02780835,-0.020567079500000002,0.132023045,0.9709145622327924,143.0,36608.0,1290.3101626110147,2342912
143,272.57500000000005,13.7,1824.0,0.014452298249999999,0.17457072,2.0028495499999996,-0.018358788,0.20674758000000001,0.9570677420124412,144.0,36864.0,1299.2895070300003,2359296
144,286.365,14.305,1825.0,0.013116441999999999,0.15962727999999998,1.96328425,-0.0160183185,0.209267325,0.9606245197355747,145.0,37120.0,1308.2641829025088,2375680
145,266.095,13.105,1833.5,0.0103984453,0.1280721,1.99506015,-0.017691199,0.211380125,0.9608792886137962,146.0,37376.0,1317.2078769294894,2392064
146,271.845,13.755,1827.0,0.009940534000000001,0.12303670250000001,1.9771550000000002,-0.01456636525,0.19704967,0.966400104574859,147.0,37632.0,1326.173877194,2408448
147,280.41499999999996,14.695,1821.5,0.0105741005,0.12898763,2.00682055,-0.018053595999999998,0.16474592500000002,0.9685110989958048,148.0,37888.0,1335.167301372494,2424832
148,291.6,15.6,1827.5,0.011529484,0.139322915,1.9928578500000003,-0.0174057715,0.16301955499999998,0.9617081619799137,149.0,38144.0,1344.1307566690084,2441216
149,293.825,15.52,1825.5,0.014892491999999998,0.17123413,1.98118645,-0.018409662,0.209388715,0.9541996363550425,150.0,38400.0,1353.1022462320107,2457600
150,277.845,14.510000000000002,1824.5,0.017266234,0.18513997,2.0148837,-0.019974998,0.19923201499999998,0.9607544094324112,151.0,38656.0,1362.0897540455044,2473984
151,276.445,13.77,1813.0,0.0119393455,0.14478556,1.9971355000000002,-0.0175818195,0.17245423999999998,0.9653480593115091,152.0,38912.0,1371.1253659904905,2490368
152,291.295,15.704999999999998,1823.5,0.0151554575,0.17042033,1.9966442500000001,-0.0197732155,0.16979976000000002,0.9608495850116014,153.0,39168.0,1380.1097809269995,2506752
153,290.605,15.879999999999999,1823.5,0.0151860135,0.17993164,2.0282518,-0.0211078435,0.171348135,0.964242335408926,154.0,39424.0,1389.0927902160038,2523136
154,266.09000000000003,13.94,1826.0,0.0123645015,0.138407385,2.03849075,-0.0186101625,0.164886785,0.9673415636643767,155.0,39680.0,1398.0644537980115,2539520
155,284.385,15.035,1827.0,0.0113261775,0.14217121500000002,2.0263328,-0.0190705095,0.13148643999999998,0.9718044074252248,156.0,39936.0,1407.039556322503,2555904
156,302.87,16.335,1829.0,0.0125126505,0.15223185,2.0121788499999997,-0.017864256000000002,0.16471124,0.9677654951810836,157.0,40192.0,1415.9946869770065,2572288
157,298.545,15.594999999999999,1827.5,0.0105856025,0.13255819,2.0014727,-0.018113113,0.18818985500000002,0.9613629058003426,158.0,40448.0,1424.960052737515,2588672
158,300.865,16.175,1826.0,0.012016966,0.14668782,2.01644915,-0.0164094915,0.18558096,0.9587472453713416,159.0,40704.0,1433.9299330210051,2605056
159,312.28999999999996,17.02,1828.0,0.012005344000000001,0.140747075,1.9929651499999999,-0.017499271,0.19668233,0.9626216683536768,160.0,40960.0,1442.8919051110133,2621440
160,306.61,16.759999999999998,1829.0,0.011858763000000001,0.14300537,2.0132274,-0.0163058315,0.15114065999999998,0.9725282685831189,161.0,41216.0,1451.855448199014,2637824
161,276.955,14.925,1821.5,0.015116834999999999,0.15779622,1.9841784000000002,-0.017171785999999998,0.218206615,0.9588943030685186,162.0,41472.0,1460.848354897491,2654208
162,289.245,16.310000000000002,1826.0,0.016760235499999998,0.18610636,1.9873144,-0.016270911,0.209156955,0.9599932078272104,163.0,41728.0,1469.8198471310025,2670592
163,295.29499999999996,16.23,1825.5,0.0149719925,0.171824135,1.9909463500000002,-0.0172160605,0.208908845,0.959434705786407,164.0,41984.0,1478.792040266504,2686976
164,288.81,15.245000000000001,1828.0,0.014929915000000002,0.16705322499999997,1.9792688,-0.01273477925,0.251867815,0.9561654040589929,165.0,42240.0,1487.7548829009902,2703360
165,307.54499999999996,17.775,1829.5,0.0107985765,0.128448485,1.9723993499999999,-0.0132733935,0.18716159500000001,0.9652242381125689,166.0,42496.0,1496.7169790894986,2719744
166,314.665,18.91,1829.0,0.014124152000000001,0.17072551000000002,1.9876969499999997,-0.0162685895,0.186522735,0.9596766736358404,167.0,42752.0,1505.673656336512,2736128
167,312.345,18.115000000000002,1828.5,0.013831713,0.16381836,2.02090765,-0.020031114,0.1998159,0.9609269062057137,168.0,43008.0,1514.6311246370024,2752512
168,291.515,16.134999999999998,1826.5,0.012981969,0.160074875,2.01558065,-0.0180327195,0.1510222825,0.9697332382202148,169.0,43264.0,1523.5990402629977,2768896
169,294.15999999999997,16.19,1827.0,0.016429731,0.187561035,2.0023692000000004,-0.0178478545,0.24708338000000002,0.9426370542496444,170.0,43520.0,1532.5634356369994,2785280
170,289.935,15.834999999999999,1825.5,0.0136093835,0.15170288,1.97932925,-0.0159920575,0.23428933500000002,0.9537138435989618,171.0,43776.0,1541.5439197395026,2801664
171,288.975,14.809999999999999,1822.0,0.018172179,0.18781535,1.9823930500000002,-0.017741599,0.258471415,0.9441765863448381,172.0,44032.0,1550.5328242645046,2818048
172,296.4,16.175,1829.0,0.013047528000000001,0.153808595,1.9956814,-0.017236313,0.13954121,0.973379036411643,173.0,44288.0,1559.4884632980102,2834432
173,298.43,16.52,1822.0,0.0164358945,0.17804973000000002,1.999486,-0.016425304,0.20635215499999998,0.960879746824503,174.0,44544.0,1568.4785931340011,2850816
174,311.395,17.09,1828.0,0.015340811,0.16227214,2.00376815,-0.0188437415,0.165526115,0.9590553399175406,175.0,44800.0,1577.4406482404884,2867200
175,299.7,16.655,1827.0,0.0139614505,0.15976970000000001,2.00630175,-0.0149247085,0.203120955,0.9566541416570544,176.0,45056.0,1586.4144320055057,2883584
176,295.11,16.33,1826.0,0.012189076,0.14852905,1.9941744000000001,-0.016740565,0.191597195,0.9579613702371716,177.0,45312.0,1595.3847976109973,2899968
177,299.435,17.259999999999998,1827.5,0.01268906325,0.14859008499999998,2.0261747000000003,-0.0180252025,0.17891894,0.9608518164604902,178.0,45568.0,1604.3482343030046,2916352
178,305.90999999999997,17.494999999999997,1826.0,0.011872599000000001,0.142486575,2.04060795,-0.01696631,0.17038757,0.9668657621368766,179.0,45824.0,1613.3197189200146,2932736
179,291.835,15.965,1823.5,0.016488519,0.171223965,2.04537905,-0.017616609,0.19597426,0.9604884069412947,180.0,46080.0,1622.3010468660211,2949120
180,298.585,15.775,1829.5,0.015079124499999999,0.16603597,2.0276337499999997,-0.015087300000000001,0.185822425,0.9603748712688684,181.0,46336.0,1631.2657603770058,2965504
181,307.35,16.42,1828.0,0.016290582,0.19112142000000001,2.03111155,-0.018291558,0.216504215,0.9566634073853494,182.0,46592.0,1640.2262860335177,2981888
182,305.4,16.52,1820.5,0.01651393525,0.194793705,1.999545,-0.017031657,0.19486763,0.95992427226156,183.0,46848.0,1649.2242267819965,2998272
183,316.61,17.384999999999998,1829.0,0.016176801,0.188273115,2.0137164999999997,-0.018897082000000003,0.15201264,0.9714612634852529,184.0,47104.0,1658.1796299979908,3014656
184,320.615,18.38,1828.0,0.010908512249999999,0.13873291,1.98811545,-0.014751123,0.16547076,0.9702603630721569,185.0,47360.0,1667.1418828665192,3031040
185,325.245,19.205,1828.0,0.0098030715,0.11799113,1.9884692,-0.013468216500000001,0.20785271,0.9633171940222383,186.0,47616.0,1676.1118524414924,3047424
186,325.29499999999996,18.855,1816.5,0.011178974999999999,0.14012655000000002,2.002195,-0.0178658675,0.16667468800000002,0.9654094371944666,187.0,47872.0,1685.1297006915265,3063808
187,323.67,18.975,1828.0,0.0104609715,0.13103230500000002,2.01633635,-0.0172314395,0.17088120499999998,0.9606042392551899,188.0,48128.0,1694.0906095044918,3080192
188,324.585,18.755,1826.0,0.0164380725,0.18333944,2.0203727000000002,-0.014014485,0.2142286,0.9490044210106134,189.0,48384.0,1703.0617801210026,3096576
189,314.485,17.755000000000003,1826.0,0.012887349499999999,0.151051835,2.01157625,-0.012085627250000001,0.22624553,0.9547167327255011,190.0,48640.0,1712.0308245574997,3112960
190,317.28499999999997,17.485,1830.0,0.011382539,0.133270268,2.0164963,-0.014593133000000001,0.25484450999999997,0.9459240287542343,191.0,48896.0,1720.99067006752,3129344
191,329.76,19.15,1829.5,0.0142345415,0.16647339,2.01624315,-0.0174715355,0.14402936500000002,0.9600565955042839,192.0,49152.0,1729.9446203654952,3145728
192,340.35,20.384999999999998,1833.5,0.01251788325,0.14856974,2.04389945,-0.0159314775,0.17903677,0.9501427765935659,193.0,49408.0,1738.8779897519998,3162112
193,337.90999999999997,20.105,1826.0,0.012849981,0.155893965,2.0552374,-0.0209879235,0.120567515,0.9746621726080775,194.0,49664.0,1747.847645245507,3178496
194,327.64,20.0,1828.0,0.0162227925,0.193257655,2.01681265,-0.0162740465,0.140967965,0.963931504637003,195.0,49920.0,1756.8075577364943,3194880
195,333.76,20.259999999999998,1829.5,0.015944934,0.18420409999999998,2.0343494499999997,-0.01393833975,0.23515569999999997,0.9463611301034689,196.0,50176.0,1765.7709650475008,3211264
196,332.555,19.325,1828.5,0.011435462,0.13653564499999998,2.0356644,-0.0149210085,0.21186114,0.9579871846362948,197.0,50432.0,1774.729713474997,3227648
197,316.41999999999996,18.285,1827.0,0.0153092245,0.171875,2.00944865,-0.0199187325,0.13087077,0.9728607712313532,198.0,50688.0,1783.6966159925068,3244032
198,316.95000000000005,18.700000000000003,1828.0,0.019465261,0.200002035,2.033564,-0.0111107405,0.19169488499999998,0.964941592887044,199.0,50944.0,1792.6575559685007,3260416
199,315.875,17.685000000000002,1828.5,0.017074069,0.18296306,2.0162956,-0.0142250845,0.25836254,0.9473104383796453,200.0,51200.0,1801.61657700449,3276800
200,314.44,17.555,1829.0,0.01093665525,0.126719155,2.014038,-0.0125868035,0.196318515,0.9636800084263086,201.0,51456.0,1810.5818953729902,3293184
201,320.73,18.275,1827.0,0.011853108000000001,0.14489746,2.0181064,-0.015927517500000002,0.195368575,0.9618706200271845,202.0,51712.0,1819.5462992695102,3309568
202,327.335,18.560000000000002,1828.5,0.012954866999999998,0.141560865,2.0269611999999997,-0.011304481000000002,0.2675793,0.9477314651012421,203.0,51968.0,1828.506007180491,3325952
203,316.59000000000003,17.39,1824.5,0.0115638255,0.140930175,2.0434726999999997,-0.0144890005,0.23014197000000003,0.953972702845931,204.0,52224.0,1837.4859572569985,3342336
204,323.31,18.6,1829.0,0.01364624075,0.158060705,2.0236864,-0.0182618495,0.18171083999999998,0.9541695276275277,205.0,52480.0,1846.4427310540054,3358720
205,328.19,19.04,1828.0,0.0151401075,0.18977865,2.0303743499999998,-0.018967526999999998,0.15177068,0.964243627153337,206.0,52736.0,1855.4129088670015,3375104
206,330.995,19.53,1825.5,0.015209545500000001,0.177866615,2.03795635,-0.015807102,0.21849156,0.9475481100380421,207.0,52992.0,1864.386158192996,3391488
207,325.04,19.395000000000003,1827.5,0.0136993555,0.15938312999999998,2.0468454,-0.01457887,0.17658749499999998,0.9651855174452066,208.0,53248.0,1873.3493985680107,3407872
208,324.89,18.505,1826.5,0.017258203,0.196533205,2.03850455,-0.0148596415,0.229830505,0.9509257338941096,209.0,53504.0,1882.3180152810091,3424256
209,318.045,16.945,1821.5,0.016629440000000002,0.184254965,2.04736325,-0.0173643675,0.22273693,0.9526652842760086,210.0,53760.0,1891.3109442485143,3440640
210,320.965,17.78,1828.5,0.017132723,0.19182332000000002,2.0416961,-0.013758235,0.19499559,0.958162697032094,211.0,54016.0,1900.2788972365088,3457024
211,336.33000000000004,19.11,1828.5,0.0164308075,0.18600464,2.04974375,-0.0180843025,0.14952400999999998,0.9637474697083235,212.0,54272.0,1909.2359173354928,3473408
212,343.62,19.905,1828.0,0.0156298935,0.185394285,2.03987915,-0.0140663255,0.221612465,0.9387205932289362,213.0,54528.0,1918.1954112825042,3489792
213,345.51,20.64,1828.0,0.0150151195,0.178527835,2.04129805,-0.020977313499999997,0.144384615,0.9574925294145942,214.0,54784.0,1927.1565828160092,3506176
214,338.995,20.134999999999998,1833.5,0.015383603,0.1890157,2.0493341,-0.022664003500000002,0.146499555,0.9684892259538174,215.0,55040.0,1936.0910685915005,3522560
215,331.3,18.95,1826.0,0.0152665905,0.17236328,2.0360465,-0.0133683625,0.24706709500000001,0.9466318469494581,216.0,55296.0,1945.0693238179956,3538944
216,330.71500000000003,18.85,1817.0,0.01052483325,0.13455200499999997,2.0215057,-0.018339194500000003,0.17552044,0.9561744313687086,217.0,55552.0,1954.083917006501,3555328
217,325.64,19.545,1828.0,0.015851352,0.182027185,2.02909005,-0.01772517,0.16670699,0.9650269988924265,218.0,55808.0,1963.0461753680138,3571712
218,309.49,17.465,1831.5,0.014594510250000001,0.171051025,2.01341735,-0.016706695,0.273758665,0.9341246597468852,219.0,56064.0,1971.9886498429987,3588096
219,332.64,18.77,1825.5,0.01330092,0.15588379000000002,2.0273731,-0.015454997000000002,0.189682515,0.9432184044271708,220.0,56320.0,1980.9624559485087,3604480
220,348.53499999999997,20.455,1816.5,0.0112438305,0.14186605,2.0447174,-0.0152075305,0.17739151,0.9640578776597977,221.0,56576.0,1989.9892899575061,3620864
221,341.03499999999997,19.655,1817.5,0.016183128499999998,0.17921956500000003,2.0233969000000003,-0.015372432999999998,0.22838454500000005,0.9423535857349634,222.0,56832.0,1999.0017960525147,3637248
222,344.92,19.740000000000002,1819.5,0.018086740500000004,0.2064921,2.01302945,-0.0185493505,0.16151729,0.9642509575933218,223.0,57088.0,2008.0034758524998,3653632
223,349.185,20.02,1820.0,0.014683643000000001,0.161844895,2.0154593,-0.012470907,0.26274551999999995,0.9414954725652934,224.0,57344.0,2017.0053060214996,3670016
224,344.235,19.784999999999997,1812.0,0.0098534235,0.12174479499999999,2.02505375,-0.016426938,0.185053675,0.9584392551332712,225.0,57600.0,2026.047282472995,3686400
225,340.27,19.905,1820.0,0.0119573935,0.13347371,2.0095081,-0.0193876615,0.18015219,0.9584405235946178,226.0,57856.0,2035.057967835004,3702784
226,342.455,19.695,1819.0,0.012497287,0.143992115,1.9863395000000001,-0.0170512525,0.16406693,0.969091354869306,227.0,58112.0,2044.0631459875003,3719168
227,339.435,19.295,1822.5,0.012413149250000002,0.14794921500000002,2.00955705,-0.0147398335,0.269979135,0.9500388856977224,228.0,58368.0,2053.05275014152,3735552
228,332.625,19.275,1820.5,0.015435024,0.17495727500000002,2.00643205,-0.0187301635,0.15276485499999998,0.9609470125287771,229.0,58624.0,2062.050541857505,3751936
229,342.91499999999996,20.369999999999997,1821.5,0.0137747265,0.1612854,1.9976669999999999,-0.015255693,0.21240246499999998,0.954118287190795,230.0,58880.0,2071.0420214164915,3768320
230,355.725,21.035,1827.5,0.013618702,0.16265869,2.00819555,-0.018618984499999998,0.21180638499999999,0.9435303974896669,231.0,59136.0,2080.0144974394934,3784704
231,352.95,21.46,1823.5,0.0122854565,0.1480306,1.9986081,-0.016507636,0.2124105,0.9395112581551076,232.0,59392.0,2088.9989443054947,3801088
232,353.855,21.855,1818.0,0.01201581775,0.13871255999999998,1.99466115,-0.0152196555,0.15969304,0.9622120056301355,233.0,59648.0,2098.0094395005,3817472
233,356.975,22.035,1822.0,0.013605477749999999,0.15522257,1.96882805,-0.016934308500000002,0.14043113499999998,0.9695885693654418,234.0,59904.0,2106.9997877300048,3833856
234,359.53499999999997,22.259999999999998,1824.0,0.013626264249999999,0.164093015,1.9855427999999997,-0.016764082,0.111968975,0.9755580630153418,235.0,60160.0,2115.9811421005143,3850240
235,359.41499999999996,22.235,1817.5,0.0155735855,0.181650795,1.9869115500000003,-0.0175968205,0.16985315,0.9612312568351626,236.0,60416.0,2125.0047906350082,3866624
236,342.47,20.375,1815.0,0.013031304,0.153462725,1.9908774999999999,-0.012828174000000001,0.28296387,0.9446900151669979,237.0,60672.0,2134.031571278523,3883008
237,339.07,19.875,1817.5,0.0116362995,0.143737795,1.96433795,-0.0135693725,0.20424245,0.953447386622429,238.0,60928.0,2143.044413282012,3899392
238,361.81,21.695,1818.0,0.013974312,0.149505615,1.97344345,-0.0131201975,0.239217485,0.937217753380537,239.0,61184.0,2152.05643784751,3915776
239,362.32500000000005,22.22,1817.0,0.010295217500000002,0.123046875,1.9908328499999999,-0.0128945025,0.238269,0.9550154060125351,240.0,61440.0,2161.0710239424952,3932160
240,348.225,20.96,1818.0,0.00997244735,0.110514323,1.97221635,-0.012092267,0.33385817,0.9299837257713081,241.0,61696.0,2170.0927413535246,3948544
241,352.54499999999996,20.735,1815.5,0.009387986000000001,0.108784992,1.9733659,-0.011621917499999999,0.28370897500000003,0.939503762871027,242.0,61952.0,2179.114497633491,3964928
242,354.33,20.785,1812.5,0.011034362,0.11683146,1.94794155,-0.0130104125,0.23843556,0.9620383381843566,243.0,62208.0,2188.151194299993,3981312
243,352.03499999999997,21.105,1814.5,0.01303197275,0.1445109,1.9652575,-0.014903696499999999,0.210523155,0.9634317196905613,244.0,62464.0,2197.178926919005,3997696
244,351.475,21.31,1821.5,0.012374022299999999,0.1301473,1.9431664999999998,-0.0130790735,0.26980292499999997,0.9568073442205787,245.0,62720.0,2206.170295707503,4014080
245,360.22,21.345,1817.5,0.01202680915,0.134206135,1.9516757,-0.0150046065,0.24146552,0.9630826488137244,246.0,62976.0,2215.1914385860146,4030464
246,357.35,21.625,1826.5,0.01363480235,0.141927085,1.9587582499999998,-0.012084276,0.307809805,0.9415155462920666,247.0,63232.0,2224.1604103214922,4046848
247,366.55499999999995,22.35,1818.5,0.0119414265,0.134857175,1.9419669000000002,-0.01179174365,0.21325710499999997,0.948906134814024,248.0,63488.0,2233.168316855008,4063232
248,383.15999999999997,24.14,1817.5,0.008627859,0.107889808,1.9490124,-0.010296586,0.25816971,0.9462462775409222,249.0,63744.0,2242.1838135050057,4079616
249,375.605,23.22,1817.0,0.00825228425,0.09313964350000001,1.9374304,-0.011144968,0.29289906,0.9451132453978062,250.0,64000.0,2251.1991811769985,4096000
250,368.82500000000005,22.46,1816.0,0.008273525,0.1001892075,1.92402695,-0.011065519,0.27236075,0.9460912458598614,251.0,64256.0,2260.228599239519,4112384
251,373.595,23.22,1811.0,0.009068604000000001,0.104878745,1.9389081,-0.010898846,0.2436304,0.9500733390450478,252.0,64512.0,2269.275667301525,4128768
252,369.08500000000004,22.86,1824.0,0.0111019747,0.12233480000000001,1.9290960000000001,-0.0119888625,0.258769325,0.9491247497498988,253.0,64768.0,2278.256144249506,4145152
253,364.23,22.195,1825.0,0.01015892115,0.122762045,1.937891,-0.0144358705,0.252489405,0.9560046307742596,254.0,65024.0,2287.233210845501,4161536
254,366.33,22.689999999999998,1815.5,0.00896753975,0.105112708,1.9081022499999998,-0.012579329,0.25922976,0.9474218189716339,255.0,65280.0,2296.255451477511,4177920
255,374.725,22.96,1804.5,0.0089823133,0.10804239500000001,1.94531105,-0.0102202205,0.30117828,0.9514176417142154,256.0,65536.0,2305.3434123974876,4194304
256,373.41999999999996,23.44,1818.0,0.008391583000000001,0.09827677800000001,1.92715255,-0.0106307955,0.245525455,0.9471474811434746,257.0,65792.0,2314.3526301820093,4210688
257,379.01,24.08,1820.0,0.00762484215,0.08412679,1.9271425999999998,-0.01110462375,0.27520676499999996,0.9352278169244528,258.0,66048.0,2323.3533822399913,4227072
258,393.725,25.335,1824.5,0.010225785,0.11155192,1.9024855,-0.011900141,0.29790466,0.938051100820303,259.0,66304.0,2332.3307052720193,4243456
259,376.005,23.765,1825.0,0.012787061,0.1397196475,1.8906230499999999,-0.0150002435,0.24707941,0.955963123589754,260.0,66560.0,2341.3077716205007,4259840
260,373.67499999999995,23.54,1823.0,0.0109358807,0.12568156,1.8820372,-0.01250092,0.276941795,0.9466265141963958,261.0,66816.0,2350.3032344000094,4276224
261,379.86,24.275,1825.5,0.012210947400000002,0.135335283,1.8731734500000001,-0.013423757000000001,0.26082547,0.9332568906247616,262.0,67072.0,2359.2771532550105,4292608
262,383.095,24.39,1828.0,0.014986801999999999,0.17144775499999998,1.9091803999999999,-0.01289896575,0.163076432,0.9573359405621886,263.0,67328.0,2368.2371474819956,4308992
263,379.43,24.200000000000003,1827.5,0.0176436715,0.190572105,1.9012514,-0.0129012415,0.24927203999999997,0.9403494130820036,264.0,67584.0,2377.1995053985156,4325376
264,377.22,23.265,1828.5,0.01070097,0.13356527,1.9308904,-0.012881978,0.18281938,0.9585506059229374,265.0,67840.0,2386.159124356491,4341760
265,380.255,23.63,1827.5,0.0091671155,0.104746502,1.9247238500000001,-0.01432423125,0.238704265,0.9441115166991949,266.0,68096.0,2395.130001151003,4358144
266,387.265,24.42,1829.0,0.011422179000000001,0.1358846,1.90964365,-0.019475046500000003,0.12015242999999999,0.966164031997323,267.0,68352.0,2404.0872905600118,4374528
267,378.025,24.205,1829.0,0.012288852749999999,0.14460245500000002,1.9059555000000001,-0.015603533499999999,0.26193270999999996,0.933199729770422,268.0,68608.0,2413.0444782085106,4390912
268,370.275,23.415,1825.0,0.0134323705,0.137176513,1.8884764,-0.017009938500000002,0.16210048,0.9558078143745661,269.0,68864.0,2422.020890697502,4407296
269,371.215,24.11,1823.0,0.015027081,0.162607835,1.90103935,-0.0173088775,0.14090654,0.9654689505696297,270.0,69120.0,2431.0060065820144,4423680
270,378.77,24.845,1823.0,0.010795109,0.13176473,1.9123215999999998,-0.0147036205,0.16019693000000002,0.9614382833242416,271.0,69376.0,2440.0001070255094,4440064
271,365.2,23.31,1830.0,0.012907749999999999,0.14813231999999998,1.9195851999999998,-0.01375702,0.24919343000000002,0.942232608795166,272.0,69632.0,2448.9671138715057,4456448
272,360.175,22.305,1827.0,0.012164783500000002,0.12252808000000001,1.9042585,-0.011881396,0.289510225,0.9417779725044966,273.0,69888.0,2457.93404353151,4472832
273,362.86,22.009999999999998,1828.5,0.0093851412,0.0997721325,1.89422785,-0.0125793255,0.29959336,0.9289339724928141,274.0,70144.0,2466.8935664530145,4489216
274,366.545,22.89,1829.5,0.013603240999999999,0.1362915,1.8677546999999999,-0.013965891,0.18431648,0.9564548302441835,275.0,70400.0,2475.8461217145086,4505600
275,366.33,23.035,1828.0,0.00994922615,0.10579427,1.8815857,-0.012423319,0.237126235,0.9469513017684221,276.0,70656.0,2484.8171026739874,4521984
276,371.65999999999997,23.729999999999997,1825.0,0.0112975695,0.132100422,1.8754671,-0.016167525500000002,0.17912647999999998,0.9638904528692365,277.0,70912.0,2493.794221284523,4538368
277,376.23,23.450000000000003,1823.5,0.011475389499999999,0.133982335,1.8680199000000002,-0.0147995055,0.2090995,0.9474187139421701,278.0,71168.0,2502.7769766070123,4554752
278,391.62,24.42,1826.5,0.014059911000000001,0.136037195,1.8908999,-0.017506678999999997,0.18317469,0.956809151917696,279.0,71424.0,2511.744781746005,4571136
279,387.565,24.075,1829.0,0.0131119645,0.15095011,1.88079665,-0.015602093999999999,0.14114531,0.9694114737212658,280.0,71680.0,2520.6993693809927,4587520
280,386.485,24.155,1830.0,0.013021021,0.1538798,1.8557435500000001,-0.014352415,0.157422345,0.969573094509542,281.0,71936.0,2529.6583380280063,4603904
281,386.765,24.005000000000003,1828.5,0.01283096975,0.14701334500000002,1.8309753,-0.016223413,0.17186772,0.962190194055438,282.0,72192.0,2538.618390847012,4620288
282,387.68,24.17,1828.0,0.009092337,0.102386473,1.8571043,-0.011372153,0.222043285,0.958190131932497,283.0,72448.0,2547.581218340507,4636672
283,381.845,24.689999999999998,1827.0,0.0087482125,0.098378498,1.8522657,-0.00948411275,0.309959085,0.9400856476277113,284.0,72704.0,2556.5462395030045,4653056
284,379.685,24.28,1829.0,0.012898235849999998,0.13144938,1.8684652000000002,-0.0128871355,0.254010575,0.9460372067987919,285.0,72960.0,2565.5019937865145,4669440
285,382.495,24.04,1818.5,0.0096251492,0.108561195,1.85915725,-0.013425308,0.25094568,0.9537051077932119,286.0,73216.0,2574.517502231014,4685824
286,375.6,22.785,1827.5,0.010685151,0.12093098999999999,1.8526764500000001,-0.009618719,0.29105183,0.9515864923596382,287.0,73472.0,2583.4806162975,4702208
287,363.245,22.384999999999998,1829.5,0.0096335425,0.1044209815,1.85168135,-0.010443734299999998,0.23279385,0.9582777600735426,288.0,73728.0,2592.4350701405056,4718592
288,368.5,22.939999999999998,1829.5,0.009030446,0.10124715000000001,1.8806057000000003,-0.0129108,0.278679035,0.9437674414366484,289.0,73984.0,2601.3881663405045,4734976
289,382.155,24.58,1833.0,0.0101303085,0.119730635,1.8764294000000001,-0.015988784,0.13633455,0.9747483525425196,290.0,74240.0,2610.3256821635005,4751360
290,391.36,24.565,1820.5,0.00897174815,0.1062927225,1.8943899499999999,-0.013755859999999998,0.20692037,0.9627056214958429,291.0,74496.0,2619.3331565130065,4767744
291,386.005,24.09,1830.5,0.008455701,0.09935506250000001,1.8909086,-0.011844170000000001,0.18754516999999998,0.9603760791942477,292.0,74752.0,2628.2823614725057,4784128
292,384.1,24.39,1830.5,0.010230603500000001,0.092437745,1.8861107000000001,-0.0088519008,0.286431835,0.9521043878048658,293.0,75008.0,2637.229833134523,4800512
293,379.83,24.875,1830.0,0.0069185283500000005,0.08162434700000001,1.9151273,-0.010604457000000001,0.21806644,0.9640689380466938,294.0,75264.0,2646.1824415599986,4816896
294,376.075,24.549999999999997,1831.5,0.0059920836,0.06647745799999999,1.91151795,-0.0093826675,0.30875252,0.9361049979925156,295.0,75520.0,2655.1242765955103,4833280
295,374.025,24.380000000000003,1829.5,0.009006567,0.09101358500000001,1.9063414499999998,-0.009254074000000001,0.32471632,0.939309099689126,296.0,75776.0,2664.084996057005,4849664
296,377.15,24.25,1826.5,0.007856315800000001,0.0880839025,1.89847365,-0.008567839,0.37140518,0.9205331429839134,297.0,76032.0,2673.054748286013,4866048
297,373.325,23.54,1831.5,0.013891899499999999,0.14295451,1.8862803000000001,-0.01009728275,0.226735425,0.9637320768088102,298.0,76288.0,2681.999603613498,4882432
298,373.995,23.384999999999998,1830.0,0.0092727155,0.11154175,1.8920254,-0.013088698,0.232611915,0.960077565163374,299.0,76544.0,2690.9503185755166,4898816
299,367.555,22.975,1828.5,0.00909029875,0.093454995,1.8825702,-0.0108661325,0.222286165,0.9522747304290533,300.0,76800.0,2699.909952442991,4915200
300,377.275,24.939999999999998,1828.5,0.00991561,0.11040243,1.8909358500000002,-0.0132639385,0.22086429999999999,0.9571170900017022,301.0,77056.0,2708.877603281988,4931584
301,384.81,25.634999999999998,1829.0,0.0101799905,0.11175536999999999,1.88326575,-0.013534691500000001,0.2185661975,0.9593524802476168,302.0,77312.0,2717.8333469065255,4947968
302,377.29999999999995,24.965,1830.0,0.0161095835,0.13036092,1.8890776,-0.0108003845,0.179111858,0.9654738362878561,303.0,77568.0,2726.784126622515,4964352
303,376.71000000000004,25.009999999999998,1829.0,0.016937223,0.16050211,1.89992585,-0.0130408615,0.14545112,0.9667810518294574,304.0,77824.0,2735.7405798560067,4980736
304,380.18,24.22,1830.0,0.012584604,0.14631144000000001,1.92332585,-0.014800977,0.20167289,0.9557382110506296,305.0,78080.0,2744.6911171405086,4997120
305,376.815,23.025,1828.5,0.021626002999999998,0.17583210500000002,1.90718845,-0.014023704500000001,0.209161065,0.95215885899961,306.0,78336.0,2753.6600213125057,5013504
306,381.525,23.865,1831.0,0.0150275045,0.170532225,1.8832185,-0.0114009765,0.231786885,0.9400149527937174,307.0,78592.0,2762.606290761513,5029888
307,371.025,24.005000000000003,1830.5,0.0145240965,0.157552075,1.8982164499999998,-0.012158882,0.315553175,0.9156163055449724,308.0,78848.0,2771.554738007486,5046272
308,363.89,22.88,1829.0,0.016941940500000002,0.16733805200000001,1.8873875,-0.0107115565,0.293911525,0.9244778901338577,309.0,79104.0,2780.5220666064997,5062656
309,368.0,23.380000000000003,1831.0,0.0167324405,0.166453045,1.9067522000000001,-0.01439159425,0.240223095,0.9252273831516504,310.0,79360.0,2789.4680434925103,5079040
310,370.725,24.075000000000003,1825.5,0.0111181975,0.132181805,1.9126304,-0.0127669205,0.237481765,0.9227588232606649,311.0,79616.0,2798.4509281700157,5095424
311,370.195,23.905,1822.5,0.012240563,0.13921102000000002,1.9072203500000002,-0.013444433250000002,0.25097429,0.9293315000832082,312.0,79872.0,2807.439328038498,5111808
312,370.72,23.62,1831.5,0.015572464,0.16974894499999998,1.8967582,-0.0115360325,0.202473875,0.9454951342195272,313.0,80128.0,2816.384139345013,5128192
313,382.615,24.435,1827.0,0.01297063,0.15086873,1.8910802,-0.01478517625,0.19338893000000001,0.9468804728239775,314.0,80384.0,2825.35186181702,5144576
314,389.36,24.805,1824.0,0.012556397,0.1462911,1.86251405,-0.015022591,0.21196735,0.9470874946564436,315.0,80640.0,2834.3328572375176,5160960
315,373.15999999999997,23.125,1830.0,0.0138173535,0.13194783499999999,1.85401355,-0.012495692,0.26752451499999996,0.9368765465915204,316.0,80896.0,2843.2930289959913,5177344
316,367.16999999999996,23.814999999999998,1827.5,0.015489354299999999,0.156667073,1.8915419,-0.013366423,0.16770671999999998,0.9614504184573889,317.0,81152.0,2852.257145744996,5193728
317,375.025,24.72,1828.0,0.0110169185,0.12712605999999999,1.8910022,-0.0142645835,0.24931040000000002,0.9405080042779446,318.0,81408.0,2861.2166378485126,5210112
318,374.77,24.060000000000002,1829.5,0.010300365,0.11479696,1.88431045,-0.0124633105,0.21146591,0.9462232291698456,319.0,81664.0,2870.171511757013,5226496
319,375.995,23.96,1829.0,0.00887019275,0.108205155,1.9145265999999999,-0.0114749595,0.280597785,0.9224894717335701,320.0,81920.0,2879.1282700595184,5242880
320,374.47,24.130000000000003,1821.5,0.0069709909000000006,0.0808308925,1.90580595,-0.012913979499999999,0.191991045,0.952556487172842,321.0,82176.0,2888.130925731501,5259264
321,372.13,23.49,1829.5,0.007416246499999999,0.081125892,1.9068171999999999,-0.0104925565,0.233861575,0.9500893130898476,322.0,82432.0,2897.0856515599885,5275648
322,362.45000000000005,23.085,1829.0,0.00822065235,0.09460449,1.90787965,-0.009529063850000002,0.23617687,0.9472010619938374,323.0,82688.0,2906.0423236860224,5292032
323,354.61,22.869999999999997,1826.5,0.0076554498,0.08350626750000001,1.9031797000000001,-0.012901752,0.260700515,0.95139554515481,324.0,82944.0,2915.010142128507,5308416
324,368.735,23.195,1830.0,0.0066200858,0.0783894845,1.8822324999999998,-0.0119980245,0.27526231,0.9277456700801849,325.0,83200.0,2923.9600764840147,5324800
325,370.855,23.295,1822.0,0.0063982781999999995,0.0737203,1.91226785,-0.013055999,0.25379614,0.9195679165422916,326.0,83456.0,2932.9579706830114,5341184
326,379.755,24.63,1829.5,0.007263704750000001,0.081970215,1.91454485,-0.012624125,0.189536635,0.9502798970788717,327.0,83712.0,2941.9110118009994,5357568
327,382.75,25.085,1831.5,0.00846043385,0.09175618499999999,1.90162935,-0.011865106,0.19136322,0.9470607303082943,328.0,83968.0,2950.8550069824996,5373952
328,380.015,24.865000000000002,1831.0,0.0090057505,0.10085042699999999,1.91804445,-0.011521021,0.27386667,0.9385473728179932,329.0,84224.0,2959.801936356016,5390336
329,367.605,23.69,1831.0,0.008182428,0.09670003299999999,1.9213556500000002,-0.0126890515,0.24863318,0.9496341962367296,330.0,84480.0,2968.747672008991,5406720
330,374.02,24.270000000000003,1832.5,0.0088678965,0.09965006,1.8872958,-0.01373697925,0.14594643000000002,0.960931295529008,331.0,84736.0,2977.696450584015,5423104
331,379.94,24.845,1830.0,0.007401877649999999,0.080423992,1.87967855,-0.01170223175,0.25677285,0.9474103543907404,332.0,84992.0,2986.648974887008,5439488
332,382.105,24.945,1828.0,0.0067693165,0.08002726,1.9189034,-0.0124917665,0.184837215,0.9471206665039062,333.0,85248.0,2995.611212783988,5455872
333,376.45000000000005,24.509999999999998,1832.5,0.00782346915,0.085896815,1.89746255,-0.011591756000000002,0.20886937500000002,0.9596294108778238,334.0,85504.0,3004.5511412235064,5472256
334,379.555,25.384999999999998,1830.0,0.011556145,0.1130167675,1.9187111000000001,-0.0114604435,0.29282235,0.921985698863864,335.0,85760.0,3013.5008111439965,5488640
335,381.92,25.39,1830.0,0.010202791,0.116465255,1.9087637,-0.015797134,0.138702797,0.9704782366752625,336.0,86016.0,3022.4612690484933,5505024
336,378.29499999999996,24.4,1827.0,0.012579271500000001,0.14763387,1.90859185,-0.011981601750000001,0.30157344,0.9305578246712685,337.0,86272.0,3031.426689729502,5521408
337,382.6,24.46,1831.5,0.012646105500000001,0.13639323,1.8805277999999999,-0.014195318000000002,0.20129701,0.9401694945991038,338.0,86528.0,3040.3699764254998,5537792
338,387.37,25.424999999999997,1832.0,0.012167807,0.108194985,1.90322105,-0.0144691835,0.21966147999999996,0.9349131211638451,339.0,86784.0,3049.311169507506,5554176
339,385.005,25.025,1830.5,0.010777052499999999,0.111429845,1.8988774000000002,-0.012692868,0.251493455,0.9353987965732813,340.0,87040.0,3058.2603283420035,5570560
340,377.08500000000004,24.439999999999998,1829.5,0.010915688350000001,0.119832357,1.8678547,-0.012608109,0.20609531,0.9557860493659974,341.0,87296.0,3067.22463939352,5586944
341,378.88,24.854999999999997,1827.5,0.008086192499999999,0.0973103825,1.8829348500000003,-0.014285303,0.168246135,0.964227351360023,342.0,87552.0,3076.186613878992,5603328
342,379.5,24.835,1831.0,0.0107252505,0.12200928,1.90777405,-0.01319496,0.137886095,0.968379944562912,343.0,87808.0,3085.1342550925183,5619712
343,380.33,24.72,1829.5,0.011146578,0.121317542,1.8769472999999999,-0.0138095465,0.182853355,0.9633466079831123,344.0,88064.0,3094.0866702645144,5636096
344,390.09000000000003,24.865000000000002,1820.5,0.011374268,0.1319681825,1.8785591,-0.0119606025,0.19718660999999998,0.944733513519168,345.0,88320.0,3103.0830028615164,5652480
345,383.98,24.535,1826.0,0.007828283299999999,0.08952840249999999,1.8813149999999998,-0.01124781825,0.224520785,0.9515682868659496,346.0,88576.0,3112.06311864451,5668864
346,385.645,24.68,1829.5,0.0099326325,0.096140545,1.88876225,-0.012597363,0.202588035,0.9551760721951723,347.0,88832.0,3121.017894700504,5685248
347,378.605,24.04,1830.5,0.008062683499999999,0.093129475,1.87348975,-0.013073851000000001,0.165010455,0.9688408002257348,348.0,89088.0,3129.9672607569955,5701632
348,384.05,25.009999999999998,1830.0,0.008261306500000001,0.08942668000000001,1.8425136999999998,-0.0128125285,0.222346875,0.9387890174984932,349.0,89344.0,3138.9188894975086,5718016
349,392.03499999999997,26.645000000000003,1828.5,0.008667316,0.096984862,1.8779986000000002,-0.0126037115,0.2248543925,0.9462767336517572,350.0,89600.0,3147.877198154514,5734400
350,383.91499999999996,26.23,1830.0,0.0092164385,0.09510294799999999,1.8710493000000001,-0.011590887000000001,0.167662835,0.9645990673452616,351.0,89856.0,3156.837180793009,5750784
351,389.305,26.715,1832.0,0.0081384965,0.09217325700000001,1.8749185,-0.0133993915,0.163161385,0.9645021241158247,352.0,90112.0,3165.7789107270078,5767168
352,393.515,26.16,1828.5,0.008084089000000001,0.0918782525,1.8415792,-0.013226930750000001,0.198553755,0.9647387582808733,353.0,90368.0,3174.7381142580125,5783552
353,388.09000000000003,24.915,1829.5,0.008770156000000001,0.10640462,1.8592442999999998,-0.0133492575,0.15304478500000002,0.9669861830770969,354.0,90624.0,3183.691247944997,5799936
354,384.59000000000003,24.765,1819.5,0.009289338500000001,0.10114543000000001,1.88329865,-0.0124399015,0.18497494,0.9520535580813885,355.0,90880.0,3192.693612296498,5816320
355,382.16499999999996,25.335,1832.5,0.0104569005,0.12174479299999999,1.8760924499999998,-0.01141630025,0.28047886,0.9269732907414436,356.0,91136.0,3201.6421946795163,5832704
356,378.785,25.015,1829.0,0.0100778,0.119934083,1.8118352,-0.011861575000000001,0.19414872,0.9637475199997425,357.0,91392.0,3210.5978563110257,5849088
357,383.59000000000003,25.125,1830.0,0.0098354213,0.099609375,1.8264048000000002,-0.01223655,0.24549182,0.9511259868741035,358.0,91648.0,3219.549175793014,5865472
358,383.15999999999997,24.884999999999998,1828.5,0.0086995115,0.10222371499999999,1.8267195999999999,-0.012543171749999998,0.218157775,0.9544039592146873,359.0,91904.0,3228.5082065435126,5881856
359,393.47,26.03,1817.0,0.00977621575,0.11348470199999999,1.8456502,-0.0116756875,0.22830916,0.9462430030107498,360.0,92160.0,3237.524199200023,5898240
360,385.955,24.88,1828.5,0.00790684085,0.09322103000000001,1.8308899000000003,-0.013509835,0.17949494,0.9651752552017571,361.0,92416.0,3246.4914452144876,5914624
361,388.3,24.93,1830.5,0.008080967000000001,0.100046795,1.84596355,-0.013328325,0.173139215,0.9602352669462562,362.0,92672.0,3255.4400828215003,5931008
362,392.565,25.525,1831.0,0.0095027405,0.1026916505,1.8468908499999999,-0.012523455,0.300225085,0.9319997020065784,363.0,92928.0,3264.3865947910235,5947392
363,390.895,25.985,1828.5,0.0103816525,0.11852009999999999,1.8068056499999998,-0.013940554,0.15685625,0.9694393249228597,364.0,93184.0,3273.344590442517,5963776
364,390.375,26.38,1829.5,0.010707496,0.105997717,1.8423670999999997,-0.0119206145,0.22269792500000002,0.9417805429548025,365.0,93440.0,3282.298040495996,5980160
365,388.2,25.78,1832.0,0.008361644750000001,0.0924174,1.8347476500000002,-0.0125341455,0.20944965,0.9500070009380579,366.0,93696.0,3291.2476406930073,5996544
366,388.505,25.869999999999997,1830.0,0.008831725,0.09934489,1.844026,-0.013295104,0.16701864700000002,0.9573791874572635,367.0,93952.0,3300.1997198280005,6012928
367,389.44,26.205,1827.5,0.008355654,0.08854166499999999,1.87155125,-0.01273918,0.17349583000000002,0.9615930113941431,368.0,94208.0,3309.161451940512,6029312
368,389.595,26.465,1824.5,0.0135222665,0.103078205,1.8575351000000002,-0.01167828,0.20375938,0.9468639101833105,369.0,94464.0,3318.140013665019,6045696
369,389.975,25.865000000000002,1826.0,0.008222561199999999,0.09407552,1.8473426,-0.01355671625,0.19489284,0.9591841623187065,370.0,94720.0,3327.1113883460202,6062080
370,388.68,25.134999999999998,1831.0,0.011180444000000001,0.109212238,1.8390254000000001,-0.012725748,0.285237535,0.926646700128913,371.0,94976.0,3336.0680008185154,6078464
371,387.32,25.345,1829.0,0.008604502,0.09704589999999999,1.84185145,-0.012805503499999999,0.22635618500000002,0.9436784777790308,372.0,95232.0,3345.022017994488,6094848
372,393.82,26.45,1829.0,0.0089152415,0.102183025,1.8565995000000002,-0.013587884000000001,0.14451105250000001,0.962967025116086,373.0,95488.0,3353.978530731503,6111232
373,397.57,27.46,1826.5,0.010680799000000001,0.11841837499999999,1.8893824,-0.012019452,0.213500335,0.9253210946917534,374.0,95744.0,3362.947161268006,6127616
374,387.095,26.265,1826.0,0.010206505500000001,0.10418701,1.8726934000000002,-0.0116106115,0.27337494500000004,0.9425459932535887,375.0,96000.0,3371.918890062021,6144000
375,382.96000000000004,25.355,1826.0,0.009745606,0.10711669900000001,1.8814796,-0.012971982,0.21396681500000003,0.9527490884065628,376.0,96256.0,3380.8999428604875,6160384
376,379.05,25.14,1829.5,0.011245910750000001,0.110321045,1.8747482,-0.0120546675,0.14861681999999998,0.9626803677529097,377.0,96512.0,3389.8652089900133,6176768
377,387.70500000000004,26.125,1824.5,0.0095971415,0.10281372000000001,1.8899922999999998,-0.012076588499999999,0.25830651,0.9336350318044424,378.0,96768.0,3398.8443524655013,6193152
378,387.315,25.655,1817.0,0.011223874500000001,0.11550903,1.8769420500000003,-0.0121713255,0.24564582000000001,0.9422848131507635,379.0,97024.0,3407.8600274354976,6209536
379,392.20000000000005,25.675,1818.0,0.0151004505,0.148905437,1.83818555,-0.01073679875,0.17459986,0.9560776613652706,380.0,97280.0,3416.8729944529914,6225920
380,396.005,25.835,1821.5,0.0176784735,0.16454061,1.8306245,-0.0121185485,0.20625202499999998,0.9386620968580246,381.0,97536.0,3425.875802995506,6242304
381,397.32500000000005,26.1,1829.0,0.0124421865,0.1276245125,1.85407015,-0.0130909905,0.22676272,0.9301945008337498,382.0,97792.0,3434.8329146400065,6258688
382,390.58000000000004,25.825,1827.0,0.012909161,0.150034585,1.8493523499999998,-0.0118037205,0.22591570500000002,0.9442701414227486,383.0,98048.0,3443.7993351759937,6275072
383,388.155,25.67,1827.5,0.015630546000000002,0.16990153,1.8560983000000002,-0.014100715,0.15042826,0.964513803832233,384.0,98304.0,3452.762339905501,6291456
384,386.625,25.884999999999998,1828.0,0.018193993,0.17266846,1.84284305,-0.0097616695,0.21814391,0.939029635861516,385.0,98560.0,3461.722087563001,6307840
385,391.41499999999996,26.15,1829.5,0.016352615,0.15081787000000002,1.8585706999999998,-0.011901447499999999,0.23193031000000003,0.9484319370239972,386.0,98816.0,3470.686932391007,6324224
386,384.985,24.735,1831.5,0.020865001499999997,0.18027751,1.86477475,-0.011992692,0.31400233499999997,0.9067020118236542,387.0,99072.0,3479.630870474008,6340608
387,386.46000000000004,24.590000000000003,1829.0,0.009848377500000002,0.11375936,1.83677995,-0.013432674500000002,0.16857227,0.962477776221931,388.0,99328.0,3488.5853598125104,6356992
388,396.16999999999996,26.08,1827.5,0.0107987895,0.11646524999999999,1.8550308000000002,-0.0109971925,0.1989476325,0.9368572244420648,389.0,99584.0,3497.549967177518,6373376
389,395.155,26.23,1817.5,0.0097425955,0.09887695199999999,1.8783986500000003,-0.011884465,0.23718325499999998,0.9253556355834008,390.0,99840.0,3506.5647580575023,6389760
390,396.835,26.27,1827.5,0.009001671499999999,0.09733073049999999,1.8673875,-0.01159847,0.269257145,0.9032343626022339,391.0,100096.0,3515.5377326279995,6406144
391,394.135,25.65,1827.5,0.0084892075,0.090433752,1.86439975,-0.0110627435,0.250317945,0.9280214160680771,392.0,100352.0,3524.5022520555212,6422528
392,390.35,25.450000000000003,1827.0,0.009819992,0.10704549,1.8737304,-0.0116386345,0.20894032,0.942076250910759,393.0,100608.0,3533.467851258509,6438912
393,395.73,26.34,1832.0,0.009313960999999999,0.105733235,1.8903205499999998,-0.013535314500000001,0.160554863,0.9578086547553539,394.0,100864.0,3542.4107142919966,6455296
394,395.065,26.07,1818.5,0.0102439635,0.11091105,1.8904349999999999,-0.01093394625,0.208150245,0.9280958697199821,395.0,101120.0,3551.418270894501,6471680
395,390.725,25.915,1832.0,0.010597546499999999,0.1120910645,1.86458535,-0.0124037475,0.19665026,0.9414027445018291,396.0,101376.0,3560.3699671115173,6488064
396,390.695,25.884999999999998,1824.5,0.013492424999999999,0.146301275,1.8741634,-0.0113284495,0.150742155,0.947667290456593,397.0,101632.0,3569.3494611820206,6504448
397,397.15999999999997,25.985,1829.0,0.0112026195,0.12963867,1.86488935,-0.0112458455,0.17467885500000002,0.9483677018433809,398.0,101888.0,3578.3040198600065,6520832
398,399.45,26.78,1828.5,0.0104120305,0.11692301499999999,1.9008379499999999,-0.012821394,0.17127311,0.9376914966851472,399.0,102144.0,3587.261899855017,6537216
399,396.42499999999995,26.34,1829.0,0.011508936,0.1122538275,1.86454145,-0.012043713250000001,0.201199715,0.9317511823028326,400.0,102400.0,3596.219391799998,6553600
400,398.6,26.77,1828.0,0.009828153499999999,0.1122436525,1.8632020999999999,-0.014751839499999999,0.15176535,0.9535982422530651,401.0,102656.0,3605.1894666000007,6569984
401,391.58,26.38,1829.5,0.012177063499999998,0.1249694875,1.8829988,-0.011622037500000001,0.24882908499999998,0.920133750885725,402.0,102912.0,3614.14520316002,6586368
402,395.175,26.585,1831.0,0.009883483,0.1161499,1.88404485,-0.012911492,0.182076665,0.9393015634268522,403.0,103168.0,3623.0915787315025,6602752
403,395.735,26.035,1828.0,0.01052324925,0.113016765,1.9227731499999998,-0.011124478,0.16498796500000001,0.9503718670457602,404.0,103424.0,3632.0514299905044,6619136
404,402.705,27.18,1832.0,0.009390711999999999,0.10936483,1.88952965,-0.01439855,0.110512088,0.9658322399482131,405.0,103680.0,3640.9940573194913,6635520
405,403.99,27.740000000000002,1832.5,0.011761963,0.11594645,1.86442535,-0.012180222,0.17963467,0.9489776957780123,406.0,103936.0,3649.9423769129935,6651904
406,402.565,26.685000000000002,1831.0,0.01055248725,0.112111408,1.8949641500000003,-0.0119206475,0.208196055,0.9302145130932331,407.0,104192.0,3658.8901802380133,6668288
407,391.85,25.735,1829.5,0.009432205499999999,0.10757446300000001,1.86666235,-0.010507842,0.227557785,0.9347248412668705,408.0,104448.0,3667.8456418044952,6684672
408,393.27,25.475,1826.5,0.012047025999999999,0.13042196,1.87181875,-0.011955259499999999,0.181710715,0.9463226310908794,409.0,104704.0,3676.813653731515,6701056
409,395.385,26.395,1829.0,0.0165714905,0.16703288,1.86373335,-0.013753894,0.16049279,0.9410361722111702,410.0,104960.0,3685.771894599995,6717440
410,400.41499999999996,27.22,1828.5,0.013423227999999999,0.15125529,1.8838049,-0.011796896500000001,0.177346895,0.9214712157845496,411.0,105216.0,3694.739025070012,6733824
411,402.33500000000004,27.37,1829.5,0.0160431245,0.16331990200000002,1.8640902499999998,-0.014955280500000001,0.137607815,0.9461448509246111,412.0,105472.0,3703.6932135495153,6750208
412,403.0,27.31,1822.0,0.010969596,0.124257408,1.8555063500000002,-0.0127189095,0.22298996000000001,0.9223224110901356,413.0,105728.0,3712.6840340485214,6766592
413,394.995,26.369999999999997,1822.0,0.012199823,0.13049316500000002,1.8677182499999998,-0.013585149,0.234452475,0.9316312186419964,414.0,105984.0,3721.6742614805116,6782976
414,392.81,26.64,1825.0,0.015613585499999999,0.136647542,1.8487744499999998,-0.012292605,0.133970863,0.9436791772022844,415.0,106240.0,3730.6500779725175,6799360
415,398.325,27.450000000000003,1834.0,0.0128318605,0.138092043,1.8747441999999999,-0.0123223215,0.14940835,0.9374072980135679,416.0,106496.0,3739.59044636802,6815744
416,394.97,27.505,1827.5,0.01718952975,0.172678625,1.8623514499999998,-0.010131634,0.178451655,0.933143500238657,417.0,106752.0,3748.554482807493,6832128
417,387.515,26.215,1827.0,0.018499487,0.176493325,1.8489206,-0.012815865999999999,0.204939285,0.9379486385732889,418.0,107008.0,3757.5196971845144,6848512
418,390.495,26.095,1827.5,0.017426965,0.16158040499999998,1.8625141000000003,-0.012381304249999999,0.2331221,0.9082527719438076,419.0,107264.0,3766.4842534074996,6864896
419,388.5,25.705,1828.5,0.0170664565,0.17889404999999997,1.88372905,-0.0122581695,0.164540875,0.9384915381669998,420.0,107520.0,3775.4416041910154,6881280
420,395.76,27.32,1829.5,0.024570568499999997,0.23197429,1.88590145,-0.011970216499999999,0.1634073325,0.9371938984841108,421.0,107776.0,3784.4035695814964,6897664
421,391.29499999999996,26.509999999999998,1828.5,0.018301735,0.19060262,1.8633579499999997,-0.009759594,0.21314378,0.929900761693716,422.0,108032.0,3793.3633423540014,6914048
422,387.675,26.33,1830.0,0.013208991000000002,0.14455159,1.8819769,-0.011766269,0.20746426499999998,0.9224557019770145,423.0,108288.0,3802.313256954003,6930432
423,383.545,24.94,1820.0,0.0143448405,0.167063405,1.8942176000000002,-0.010227672,0.32809654,0.8912983201444149,424.0,108544.0,3811.3150359545107,6946816
424,388.735,25.905,1831.5,0.018093822250000002,0.16757202,1.8745034,-0.0116045785,0.176970475,0.9333702176809311,425.0,108800.0,3820.257335218499,6963200
425,389.63,26.59,1830.0,0.017284943,0.18342082,1.87944925,-0.0109829005,0.19255165999999999,0.9352659843862057,426.0,109056.0,3829.2186500965036,6979584
426,393.41499999999996,26.905,1827.5,0.0208496965,0.20425415,1.88786225,-0.012883430500000001,0.13968065000000002,0.9476920925080776,427.0,109312.0,3838.180850852499,6995968
427,389.875,26.05,1829.0,0.014713344,0.168497725,1.8738609999999998,-0.0128417555,0.21925487000000002,0.9366727769374847,428.0,109568.0,3847.136738893998,7012352
428,380.575,25.055,1827.0,0.022936053499999998,0.22247314499999998,1.8938935,-0.009440190000000001,0.30354572999999996,0.8948149643838406,429.0,109824.0,3856.102586188994,7028736
429,370.765,24.490000000000002,1814.0,0.01917364425,0.176635745,1.9051401000000001,-0.00956121025,0.27781546,0.9067781530320644,430.0,110080.0,3865.131738284006,7045120
430,384.505,25.66,1823.5,0.015236214,0.15922038,1.9299326,-0.0102981,0.18618306499999998,0.9261934217065572,431.0,110336.0,3874.123939401019,7061504
431,389.61,25.6,1830.0,0.0120460715,0.12778727499999998,1.935022,-0.013185758999999998,0.20327030000000001,0.9309923779219389,432.0,110592.0,3883.075520821003,7077888
432,387.26,24.645,1829.0,0.016384913,0.17137654,1.9337467,-0.0118383485,0.22903501699999998,0.9134713057428598,433.0,110848.0,3892.0313182394893,7094272
433,382.675,24.605,1830.0,0.02417971,0.22328694,1.9346774,-0.0089849355,0.295485685,0.8986633010208607,434.0,111104.0,3900.9815217964933,7110656
434,372.755,23.54,1832.0,0.017160394000000002,0.18522136,1.9501467999999997,-0.01138163,0.39914972000000004,0.8552015721797943,435.0,111360.0,3909.924484261515,7127040
435,375.46500000000003,23.63,1829.5,0.014521879500000001,0.159698485,1.9774572,-0.0141390905,0.24411494499999997,0.8892578817903996,436.0,111616.0,3918.8869748540164,7143424
436,379.85,24.369999999999997,1824.0,0.015768782,0.16874186000000002,1.95776135,-0.014871737999999999,0.179967555,0.9177808091044426,437.0,111872.0,3927.865857781522,7159808
437,377.135,24.455,1827.0,0.011566398499999998,0.12034098499999998,1.98381465,-0.0137016885,0.27796577,0.8811536878347397,438.0,112128.0,3936.830145001004,7176192
438,375.46000000000004,24.07,1825.5,0.014877556,0.153981535,1.9708821999999997,-0.013946648999999998,0.20535215,0.907242901623249,439.0,112384.0,3945.8024377709953,7192576
439,384.54,25.32,1825.5,0.0161701955,0.178436285,1.98499215,-0.015335999,0.13169138,0.9375192653387785,440.0,112640.0,3954.7762602414878,7208960
440,397.28,26.575,1828.0,0.012221431500000001,0.14423624000000002,1.9896138,-0.01064441875,0.15134165,0.9383335914462805,441.0,112896.0,3963.745116002494,7225344
441,387.33000000000004,25.35,1829.0,0.008263194250000001,0.098795575,1.99576655,-0.013027485500000002,0.256699525,0.8945477418601513,442.0,113152.0,3972.7007489815005,7241728
442,377.46500000000003,24.520000000000003,1831.5,0.00780382055,0.08335368000000001,1.97725745,-0.013664625500000001,0.22356924,0.9145395588129759,443.0,113408.0,3981.6449505505147,7258112
443,378.96000000000004,25.189999999999998,1834.0,0.0094726405,0.10163371,1.9614858000000002,-0.01138027,0.25162008,0.8814934343099594,444.0,113664.0,3990.5784151040134,7274496
444,390.605,26.405,1824.0,0.009185608500000001,0.095560707,1.9785484500000001,-0.0118549995,0.22898305,0.8797626718878746,445.0,113920.0,3999.5585671050067,7290880
445,389.6,26.259999999999998,1826.5,0.0164411265,0.120076498,1.9941328999999999,-0.011141776,0.164139205,0.9204609245061874,446.0,114176.0,4008.536286600516,7307264
446,395.04499999999996,26.03,1828.0,0.011696077499999999,0.135142012,1.9774312000000003,-0.013261321,0.20577605999999998,0.8939327448606491,447.0,114432.0,4017.4974679910083,7323648
447,391.46,25.4,1823.5,0.0127175865,0.13804117999999999,1.96898865,-0.0102673065,0.146555475,0.9320717751979828,448.0,114688.0,4026.4816284359986,7340032
448,395.36,25.575000000000003,1826.5,0.008449763,0.095876057,1.9793366,-0.013229331,0.21516496000000002,0.9167437199503183,449.0,114944.0,4035.449655820004,7356416
449,393.28,25.665,1826.0,0.00842164985,0.1019694,1.9829080499999998,-0.012288463,0.15123813,0.9422139432281256,450.0,115200.0,4044.4217932299944,7372800
450,400.47,26.189999999999998,1830.5,0.00802160375,0.09195964000000001,1.98944315,-0.0115964775,0.21292678,0.8850486651062965,451.0,115456.0,4053.3774482130098,7389184
451,399.23,26.39,1829.5,0.010629,0.11596679,1.97221635,-0.0106835935,0.30619363499999996,0.8587476201355457,452.0,115712.0,4062.330424497486,7405568
452,388.63,25.89,1831.5,0.007963513,0.08392334000000001,1.9525002500000002,-0.0135448155,0.191688145,0.9222082123160362,453.0,115968.0,4071.273569491008,7421952
453,387.555,25.380000000000003,1830.0,0.011686652000000002,0.11890666,1.9544674999999998,-0.00852206185,0.18514077499999998,0.9135577008128166,454.0,116224.0,4080.222561659015,7438336
454,390.64,25.745,1828.5,0.0156879015,0.17090861,1.9653901999999999,-0.009710671799999999,0.19906307499999998,0.9027067013084888,455.0,116480.0,4089.1820566075044,7454720
455,397.955,26.265,1828.5,0.008921212000000001,0.103953045,1.9636301999999999,-0.0125218185,0.175659752,0.9253323338925838,456.0,116736.0,4098.150426665001,7471104
456,402.405,26.64,1825.5,0.008387885849999999,0.100240074,1.9416554,-0.01215337125,0.130382455,0.938360782340169,457.0,116992.0,4107.1246114635,7487488
457,403.98,27.46,1826.0,0.011174247000000002,0.12624105,1.9456193000000002,-0.0105881375,0.192257425,0.9030256941914558,458.0,117248.0,4116.096176514009,7503872
458,400.825,27.39,1815.0,0.010124419500000002,0.119964595,1.9433302000000001,-0.0144147125,0.1282301125,0.9453145107254386,459.0,117504.0,4125.124756659017,7520256
459,401.49,27.634999999999998,1830.5,0.00841362185,0.09303792250000001,1.9519989,-0.012671491,0.13157249999999998,0.941210001707077,460.0,117760.0,4134.074421670521,7536640
460,405.28499999999997,27.625,1834.5,0.008443133,0.091115315,1.9489532999999999,-0.0123222,0.149614015,0.9269942492246628,461.0,118016.0,4143.013277716993,7553024
461,401.345,26.625,1832.5,0.0097308445,0.1033528625,1.9460679499999998,-0.010818316,0.21734055000000002,0.9110883548855782,462.0,118272.0,4151.951709558998,7569408
462,402.12,26.869999999999997,1834.0,0.00859494375,0.1056111625,1.95599705,-0.014937283,0.21713896000000002,0.9043020885437727,463.0,118528.0,4160.883815248511,7585792
463,401.19,26.5,1828.0,0.0088261212,0.090291345,1.9431891000000001,-0.0123895615,0.145294688,0.9479062836617231,464.0,118784.0,4169.843768799008,7602176
464,402.15999999999997,26.545,1820.5,0.008512388499999999,0.097930908,1.93305895,-0.011964711999999999,0.16041683299999998,0.935478750616312,465.0,119040.0,4178.842637458016,7618560
465,406.39,26.855,1825.0,0.008190704,0.09516398,1.9312434,-0.01280643775,0.123243575,0.936759389936924,466.0,119296.0,4187.825409273006,7634944
466,401.045,26.025,1827.5,0.0073562748,0.08263142999999999,1.94687285,-0.012967883,0.284918275,0.8726314697414637,467.0,119552.0,4196.790009981007,7651328
467,402.175,26.560000000000002,1826.5,0.00729390785,0.087799072,1.92469045,-0.015794115,0.10802707,0.9621967785060406,468.0,119808.0,4205.759678367496,7667712
468,403.49,26.14,1828.0,0.00746481375,0.085001625,1.9275468500000001,-0.0143735015,0.1210247175,0.9475126303732394,469.0,120064.0,4214.720463111502,7684096
469,413.255,27.55,1822.0,0.0091569555,0.098958333,1.9326159,-0.011719808999999998,0.14801039500000002,0.935416392982006,470.0,120320.0,4223.713014417517,7700480
470,411.28,28.085,1835.0,0.012202030249999999,0.11928304,1.9130403500000002,-0.010755866,0.154338695,0.9294244237244129,471.0,120576.0,4232.647970520004,7716864
471,405.275,27.685000000000002,1833.0,0.00910204575,0.099161785,1.9225395500000002,-0.012531595,0.221682305,0.9044582173228264,472.0,120832.0,4241.584914858002,7733248
472,401.125,27.095,1834.5,0.010492460500000002,0.09931437000000001,1.93729875,-0.0117666845,0.16158783799999998,0.934251606464386,473.0,121088.0,4250.515043543492,7749632
473,402.435,27.159999999999997,1831.0,0.009167576,0.103566485,1.9350216,-0.011059977,0.13950479999999998,0.9252932816743851,474.0,121344.0,4259.4594524735,7766016
474,402.365,27.25,1829.0,0.01003953125,0.10105387499999999,1.93907535,-0.01088412925,0.23429040499999998,0.910035040229559,475.0,121600.0,4268.417670920011,7782400
475,401.065,27.479999999999997,1828.0,0.009388404749999999,0.1103007025,1.9216522999999999,-0.014466223,0.099363336,0.9644576096907258,476.0,121856.0,4277.387084409507,7798784
476,397.235,26.78,1823.0,0.0087200805,0.107309973,1.93492815,-0.01510844,0.08922761000000001,0.9709200533106923,477.0,122112.0,4286.372037769994,7815168
477,405.20500000000004,27.34,1828.0,0.010450187,0.122324625,1.94041825,-0.01161163375,0.15903454,0.9388319626450539,478.0,122368.0,4295.332057320018,7831552
478,404.24,26.945,1831.0,0.01078883,0.11210123999999999,1.9091289999999999,-0.010230064,0.20082146,0.9142451267689466,479.0,122624.0,4304.279625964511,7847936
479,404.58000000000004,27.63,1833.0,0.014541625499999999,0.138804115,1.9190863999999999,-0.009809435500000002,0.16968842499999998,0.9286039620637894,480.0,122880.0,4313.216779021008,7864320
480,403.06,27.39,1833.0,0.0189624985,0.14606730499999998,1.9274284499999998,-0.012417115999999999,0.121135172,0.9495703428983688,481.0,123136.0,4322.162654804008,7880704
481,398.6,26.88,1828.0,0.012249883,0.123474125,1.8971529,-0.010060072,0.226494195,0.8969166204333305,482.0,123392.0,4331.123511338505,7897088
482,399.78,27.015,1834.5,0.012711173000000001,0.14177448999999998,1.9231959499999998,-0.0107071255,0.20296994499999998,0.9104875773191452,483.0,123648.0,4340.051424384001,7913472
483,396.285,26.735,1829.0,0.009894203,0.12317912,1.9360419,-0.014974847,0.15436778499999998,0.9395711719989777,484.0,123904.0,4349.008392945019,7929856
484,395.04499999999996,26.78,1826.0,0.010439918,0.12834676,1.91962705,-0.016048861499999997,0.2226846175,0.8956456268206239,485.0,124160.0,4357.981179298993,7946240
485,397.4,26.645,1817.5,0.01148311775,0.12462362,1.8975515,-0.0126718245,0.153862385,0.9390124790370464,486.0,124416.0,4367.0034647540015,7962624
486,392.66499999999996,26.869999999999997,1825.0,0.017207628500000002,0.16514079,1.9056471,-0.010146528500000002,0.230205355,0.9103461615741253,487.0,124672.0,4375.980032111998,7979008
487,391.04999999999995,26.575,1827.5,0.013594486499999999,0.136555985,1.921846,-0.011433413,0.178700275,0.92558915913105,488.0,124928.0,4384.944253444002,7995392
488,398.74,27.21,1830.5,0.0125855105,0.1409098325,1.9482216500000002,-0.013164363,0.1209357925,0.9392782039940356,489.0,125184.0,4393.893823570019,8011776
489,402.93499999999995,27.1,1830.0,0.012688794500000001,0.13750203500000002,1.9416790000000002,-0.012466638,0.19820379500000002,0.89753801189363,490.0,125440.0,4402.8462373555085,8028160
490,403.75,27.700000000000003,1834.5,0.0123862235,0.13718669,1.9369909,-0.011480579500000001,0.111511837,0.9444573111832142,491.0,125696.0,4411.783873080509,8044544
491,394.21500000000003,26.950000000000003,1836.5,0.01781299,0.128122965,1.9321644500000001,-0.01255823,0.24054644,0.912381274625659,492.0,125952.0,4420.702991130995,8060928
492,400.95500000000004,27.38,1821.5,0.0113872965,0.13593546750000002,1.94450915,-0.013987511499999999,0.136368365,0.9379290156066418,493.0,126208.0,4429.697194924505,8077312
493,402.41999999999996,27.25,1828.0,0.012110595500000002,0.139160155,1.9397041500000003,-0.012475736500000001,0.17794822999999999,0.9046462774276733,494.0,126464.0,4438.659405430517,8093696
494,408.915,28.03,1827.5,0.010397438,0.119272867,1.9493629,-0.01492307,0.09361530750000001,0.9558570254594088,495.0,126720.0,4447.62223306649,8110080
495,406.18,27.314999999999998,1828.5,0.014377394000000002,0.15586344000000002,1.9154469,-0.00989235575,0.163851435,0.9462029971182346,496.0,126976.0,4456.590643007512,8126464
496,389.275,26.165,1828.0,0.0179539695,0.177001955,1.9086499,-0.014116567,0.243335052,0.8983082557097077,497.0,127232.0,4465.550803719991,8142848
497,381.525,25.72,1829.0,0.020317790000000002,0.20376587000000002,1.91049845,-0.0107742665,0.17936584500000002,0.9118039011955261,498.0,127488.0,4474.506389250513,8159232
498,379.865,25.52,1819.5,0.015706857249999998,0.16227213000000001,1.9168210499999998,-0.0112598595,0.234290145,0.8782255351543427,499.0,127744.0,4483.508498074007,8175616
499,388.17499999999995,25.490000000000002,1828.0,0.0179539005,0.16159057500000001,1.9301414499999998,-0.010964926,0.20489223,0.9172041453421116,500.0,128000.0,4492.467749704025,8192000
500,384.255,24.59,1832.5,0.018601177,0.175516765,1.9112586999999999,-0.01032643,0.30297175,0.8908504843711853,501.0,128256.0,4501.416507441521,8208384
501,386.965,25.465,1829.5,0.0119774895,0.130137125,1.92588715,-0.012647759000000001,0.19639219,0.9186320379376411,502.0,128512.0,4510.370125622489,8224768
502,392.4,26.12,1829.5,0.0173674275,0.15349325,1.94293885,-0.013409825,0.17574647,0.9175274763256311,503.0,128768.0,4519.3237872745085,8241152
503,395.86,26.52,1831.0,0.016985233000000002,0.149007165,1.9116817000000002,-0.00924246635,0.225503785,0.8861722014844418,504.0,129024.0,4528.269362609994,8257536
504,398.6,26.7,1827.0,0.0158276775,0.14310709500000002,1.9211767,-0.012169545,0.142446207,0.9289472550153732,505.0,129280.0,4537.23699729002,8273920
505,393.985,26.665,1829.5,0.011163615,0.129648843,1.9314147499999998,-0.0128164315,0.16180054500000002,0.9269770197570324,506.0,129536.0,4546.199847381504,8290304
506,397.745,27.045,1826.0,0.0114326145,0.12814330499999999,1.9443144499999998,-0.0148269555,0.118263233,0.9463470876216888,507.0,129792.0,4555.169161913,8306688
507,396.49,26.715,1826.5,0.0130814135,0.14170329,1.9459394999999997,-0.01273747,0.167081655,0.9249776005744934,508.0,130048.0,4564.137898066022,8323072
508,399.505,26.340000000000003,1829.0,0.0134906495,0.141001385,1.9263986000000002,-0.0109367725,0.17796835,0.9185233376920223,509.0,130304.0,4573.094332518522,8339456
509,393.88,25.97,1831.0,0.012760689499999998,0.13574218500000002,1.949166,-0.008626639,0.22822694999999998,0.9092779271304607,510.0,130560.0,4582.039531945513,8355840
510,394.55,25.93,1830.5,0.01132286875,0.1259257,1.92595075,-0.008717491,0.221820525,0.9090161509811878,511.0,130816.0,4590.9975218104955,8372224
511,395.07,26.310000000000002,1826.0,0.0089649285,0.095336915,1.9418501,-0.011899621999999999,0.14375242500000002,0.9488869458436966,512.0,131072.0,4599.969736707513,8388608
512,396.06,26.295,1831.0,0.0092316915,0.0987854005,1.9520904,-0.0102770765,0.22866754499999997,0.8950449824333191,513.0,131328.0,4608.916551648508,8404992
513,399.26,26.505,1830.0,0.007021409499999999,0.07767741,1.9676411,-0.010597021750000001,0.20613946,0.9059679880738258,514.0,131584.0,4617.867736312488,8421376
514,398.5,25.835,1831.5,0.0074166481,0.08277384,1.9377529,-0.011184646,0.200777775,0.9259430542588234,515.0,131840.0,4626.813835452995,8437760
515,402.225,26.69,1826.0,0.00947698215,0.106211345,1.9196735999999999,-0.0101779205,0.10551490799999999,0.959980558604002,516.0,132096.0,4635.793541465013,8454144
516,405.935,28.03,1834.5,0.007435829750000001,0.080627443,1.9362804500000004,-0.010751732,0.15348747499999998,0.9330060295760632,517.0,132352.0,4644.7229005929985,8470528
517,405.265,28.049999999999997,1836.5,0.008743102499999999,0.09655762000000001,1.953172,-0.011050372,0.147852935,0.9380271378904581,518.0,132608.0,4653.643081561997,8486912
518,412.01,28.740000000000002,1831.5,0.013569429000000001,0.11761475199999999,1.9407013000000002,-0.0072015928,0.12479452999999999,0.9399952609091998,519.0,132864.0,4662.586553059504,8503296
519,411.39,28.384999999999998,1833.5,0.0133561145,0.147908525,1.95863285,-0.013111326500000001,0.136212014,0.9336313921958208,520.0,133120.0,4671.5216837540065,8519680
520,408.19,28.03,1829.0,0.015523765000000002,0.165445965,1.97030125,-0.0111342145,0.122412052,0.9391212835907936,521.0,133376.0,4680.4851442815125,8536064
521,408.96000000000004,27.9,1832.0,0.0139623475,0.165374757,1.9709855000000003,-0.01263846,0.13793085,0.9351110644638538,522.0,133632.0,4689.427263411009,8552448
522,402.565,26.985,1833.0,0.007754602900000001,0.089162195,1.9782641,-0.011423002500000001,0.22716868499999998,0.8935744985938072,523.0,133888.0,4698.363448967997,8568832
523,394.62,25.68,1833.0,0.010114600000000001,0.10444133,1.95472935,-0.010765832999999999,0.24138387500000003,0.8876336328685284,524.0,134144.0,4707.301380209523,8585216
524,386.2,25.55,1831.5,0.015195004,0.14680989249999998,1.9545365500000003,-0.01057172475,0.25658669500000003,0.8825903292745352,525.0,134400.0,4716.244044029008,8601600
525,386.71000000000004,26.415,1834.0,0.010489532499999999,0.122467042,1.9527413,-0.014112701000000002,0.11934194000000001,0.951955464668572,526.0,134656.0,4725.182920422012,8617984
526,393.235,27.18,1834.0,0.01192810425,0.14330037,1.9534850000000001,-0.0158182135,0.135326435,0.9446376068517566,527.0,134912.0,4734.112748129017,8634368
527,402.11,27.939999999999998,1824.5,0.013746593,0.150227862,1.9609114500000002,-0.0106280235,0.16114134,0.9315131921321154,528.0,135168.0,4743.091721014513,8650752
528,400.825,27.58,1834.5,0.011731914500000001,0.1385396325,1.95855015,-0.0079001555,0.17275528,0.9206024091690779,529.0,135424.0,4752.020130250006,8667136
529,398.81,27.685000000000002,1829.5,0.01113081875,0.1171875,1.9775669000000002,-0.011148401999999998,0.147205115,0.9264158457517624,530.0,135680.0,4760.975319851001,8683520
530,397.83,27.314999999999998,1832.5,0.013168425,0.147532148,1.9883536,-0.0100916305,0.170454255,0.9269585460424423,531.0,135936.0,4769.923416405014,8699904
531,391.21,26.525,1832.0,0.007336395,0.081298825,1.9732029,-0.011104648,0.21132844,0.9054432846605778,532.0,136192.0,4778.863382853509,8716288
532,397.82,27.659999999999997,1834.5,0.0083786995,0.08063761,1.98460295,-0.009597265,0.15339134,0.9248568322509528,533.0,136448.0,4787.792468290005,8732672
533,398.25,27.259999999999998,1823.5,0.0083333647,0.093129475,1.9684256000000002,-0.009735947,0.19403222,0.9155224598944187,534.0,136704.0,4796.774942480508,8749056
534,402.07,26.994999999999997,1832.0,0.0067507420000000005,0.076497395,1.9828885499999997,-0.0128411285,0.1748926,0.9274227879941463,535.0,136960.0,4805.715791799492,8765440
535,402.42,27.16,1835.5,0.00836070865,0.09923299000000001,1.964524,-0.0105020345,0.137794945,0.9470634572207928,536.0,137216.0,4814.649241807012,8781824
536,401.65,27.86,1835.0,0.007627724,0.08182779500000001,1.9801950499999998,-0.0098196295,0.14796995699999999,0.9302923828363419,537.0,137472.0,4823.576186098493,8798208
537,407.215,28.0,1833.0,0.008581191500000002,0.096628825,1.96738665,-0.012211076999999999,0.109816075,0.9566653287038208,538.0,137728.0,4832.511627835513,8814592
538,402.36,27.815,1832.5,0.009278149500000001,0.106628415,1.9597264,-0.0094730075,0.18838664,0.9235076177865267,539.0,137984.0,4841.451352253003,8830976
539,397.24,27.655,1832.5,0.00762229675,0.080942788,1.9507034499999998,-0.0109584785,0.14325339,0.9506473299115896,540.0,138240.0,4850.389834209011,8847360
540,401.08500000000004,27.479999999999997,1834.0,0.00759104725,0.087748207,1.96451295,-0.012260018,0.184175375,0.9311162680387498,541.0,138496.0,4859.331788513999,8863744
541,405.89,27.67,1834.5,0.0134166535,0.11182657500000001,1.9627058000000002,-0.00814339475,0.16432450999999998,0.9302117507904768,542.0,138752.0,4868.261628682012,8880128
542,406.655,27.759999999999998,1836.5,0.0131197155,0.15022786500000002,1.9296972,-0.010521873250000001,0.14298350999999998,0.9463736247271299,543.0,139008.0,4877.182780083007,8896512
543,397.24,27.765,1833.0,0.0101727115,0.10737100999999999,1.9408137,-0.010090053500000001,0.26793136500000003,0.9102511573582888,544.0,139264.0,4886.118619574001,8912896
544,388.7,27.06,1833.5,0.011133804,0.1258545,1.9490786,-0.0093803205,0.1730024075,0.9483822956681252,545.0,139520.0,4895.052573458001,8929280
545,387.355,27.005,1836.0,0.009499733,0.1078186,1.9717287000000001,-0.010331372,0.152833515,0.9490347150713205,546.0,139776.0,4903.981509550009,8945664
546,392.47,26.795,1834.5,0.0143218775,0.15403239,1.9535300000000002,-0.011650183500000001,0.274467795,0.8686644770205021,547.0,140032.0,4912.908898032503,8962048
547,400.59000000000003,26.884999999999998,1834.5,0.011813931500000001,0.119944255,1.9667769,-0.012947157,0.12968286,0.917663587257266,548.0,140288.0,4921.8390722335025,8978432
548,406.54499999999996,28.025,1832.0,0.01143029375,0.13729858,1.97354495,-0.014299547499999999,0.0918144025,0.9553311187773944,549.0,140544.0,4930.779217427,8994816
549,412.305,28.92,1818.5,0.011647108,0.14144897,1.9719612,-0.01618684,0.061290197000000005,0.9714829782024026,550.0,140800.0,4939.7867668585095,9011200
550,410.85,28.95,1832.5,0.011727422000000001,0.13205973199999999,1.9604086,-0.0135783485,0.108654215,0.9520110450685024,551.0,141056.0,4948.735217946523,9027584
551,405.385,28.15,1829.5,0.0130920655,0.13782756000000002,1.96023855,-0.01131067275,0.167690805,0.9251446947455406,552.0,141312.0,4957.688105373018,9043968
552,400.82,27.78,1827.5,0.014207289500000001,0.154378255,1.9668314999999998,-0.013543003000000001,0.10855970000000001,0.9521059785038234,553.0,141568.0,4966.651582338003,9060352
553,403.655,27.94,1828.5,0.0101082705,0.12072754,1.98340635,-0.009736865,0.211517075,0.8942339792847633,554.0,141824.0,4975.609598054507,9076736
554,405.685,27.955,1830.5,0.011719791499999998,0.123840335,1.9508761,-0.01260938975,0.13916223,0.9415244907140732,555.0,142080.0,4984.559000463501,9093120
555,404.045,27.785,1836.5,0.013778568500000001,0.1376037625,1.95674165,-0.011575730999999999,0.151088675,0.92123843729496,556.0,142336.0,4993.487446004001,9109504
556,404.31,28.615,1832.0,0.015994104250000002,0.17618815,1.9821457500000002,-0.012603013500000001,0.124172697,0.9219321608543396,557.0,142592.0,5002.428592769516,9125888
557,404.955,29.22,1832.0,0.021404283,0.195373535,1.9458118,-0.00979487825,0.13314753499999998,0.9358133431524038,558.0,142848.0,5011.371317109515,9142272
558,404.89,28.93,1831.5,0.01254050525,0.135416665,1.9527434,-0.012988099,0.13845192,0.9245037734508514,559.0,143104.0,5020.3149715500185,9158656
559,402.74,28.54,1831.5,0.009057746,0.10309855,1.99752645,-0.011759031750000001,0.182177485,0.8892203643918037,560.0,143360.0,5029.257925249505,9175040
560,392.62,27.21,1831.5,0.00965310125,0.11004639,1.990319,-0.009398779999999999,0.216570355,0.8986287079751492,561.0,143616.0,5038.209083792506,9191424
561,386.555,26.130000000000003,1830.0,0.0092788792,0.09555054,1.9724933,-0.010720667,0.31540094500000004,0.8580780476331711,562.0,143872.0,5047.160569974512,9207808
562,390.92499999999995,26.67,1823.0,0.01114038475,0.12321981000000001,1.9759167,-0.009733858849999999,0.16221192499999998,0.9192579500377178,563.0,144128.0,5056.147443519512,9224192
563,395.45500000000004,27.689999999999998,1834.0,0.0098301105,0.112569175,1.9670929000000001,-0.0104360775,0.17279565,0.9231102634221315,564.0,144384.0,5065.079317604992,9240576
564,401.29499999999996,28.08,1834.5,0.011103222749999999,0.12797038,1.95685085,-0.009880100499999999,0.14137866,0.9412314034998418,565.0,144640.0,5074.008663169501,9256960
565,399.875,27.075,1834.0,0.0103780565,0.10605876,1.9662541999999998,-0.01161741325,0.25605632,0.8946286346763372,566.0,144896.0,5082.948803417006,9273344
566,394.86,26.435000000000002,1835.5,0.007654514500000001,0.087198895,1.9683726499999998,-0.0121363635,0.206627175,0.9207796975970268,567.0,145152.0,5091.872484489999,9289728
567,391.935,26.395,1831.0,0.008227018499999999,0.09689331,1.95216985,-0.0125891455,0.16483393,0.9409567043185234,568.0,145408.0,5100.818239254993,9306112
568,394.615,26.445,1827.0,0.00800698425,0.09169515,1.95112415,-0.011356892,0.15791785,0.9386106189340353,569.0,145664.0,5109.782867920498,9322496
569,395.25,26.88,1833.5,0.011871732,0.11241658500000001,1.94589075,-0.01237103275,0.240846295,0.9044819287955761,570.0,145920.0,5118.715246926498,9338880
570,396.03499999999997,26.380000000000003,1834.5,0.0175531625,0.157521565,1.9547820000000002,-0.0101233,0.23603459,0.9052244983613491,571.0,146176.0,5127.651339545511,9355264
571,403.66499999999996,26.4,1833.0,0.013568310500000002,0.15434774,1.96061205,-0.0113930895,0.183287702,0.9271723907440901,572.0,146432.0,5136.587653943498,9371648
572,409.84000000000003,26.775,1834.5,0.00867982315,0.106292725,1.95586125,-0.0112159045,0.138735025,0.945012690499425,573.0,146688.0,5145.516598489499,9388032
573,410.025,27.075,1835.5,0.014190005,0.14722697,1.9480863,-0.010809869650000001,0.163839265,0.9294260106980801,574.0,146944.0,5154.441398338502,9404416
574,408.645,26.96,1833.5,0.0124412135,0.14848835500000002,1.95809335,-0.0109514895,0.1580003575,0.9324902333319187,575.0,147200.0,5163.374160057007,9420800
575,401.065,26.89,1834.0,0.0111074945,0.112345375,1.951244,-0.011831814999999999,0.25332403,0.8900642953813076,576.0,147456.0,5172.315628245006,9437184
576,401.39,27.435000000000002,1832.0,0.011201613499999999,0.122711175,1.948632,-0.0131662055,0.12619074,0.9517841078341008,577.0,147712.0,5181.258683003485,9453568
577,400.90999999999997,27.545,1832.0,0.012170839,0.12924194,1.93648505,-0.0094289605,0.215545975,0.9192061796784401,578.0,147968.0,5190.199310294498,9469952
578,400.96000000000004,27.59,1831.0,0.011653099,0.12616983999999998,1.9544538,-0.01383875675,0.128429485,0.9482226818799973,579.0,148224.0,5199.143996755505,9486336
579,404.435,28.3,1831.5,0.018813964,0.171213785,1.93126235,-0.005171111350000001,0.157989752,0.9256139937788248,580.0,148480.0,5208.086864244498,9502720
580,403.66999999999996,28.155,1834.0,0.011573172999999999,0.136728925,1.9298708000000002,-0.0107242415,0.21818432000000001,0.8997971192002296,581.0,148736.0,5217.026244465014,9519104
581,401.28,27.880000000000003,1834.5,0.011910501,0.12802124,1.9152463,-0.009240957000000001,0.22205619,0.914093753322959,582.0,148992.0,5225.955853326494,9535488
582,396.32,27.27,1836.0,0.00976184165,0.109191893,1.9617366,-0.007344272150000001,0.2442045,0.9133136104792356,583.0,149248.0,5234.878738342013,9551872
583,384.56,26.475,1824.0,0.008107580349999999,0.091267905,1.9962636,-0.0100187665,0.28999187,0.8959862757474184,584.0,149504.0,5243.861399820496,9568256
584,387.21000000000004,26.45,1839.0,0.00654173815,0.07405599,1.96653145,-0.00886198775,0.23111823,0.9254226759076118,585.0,149760.0,5252.770011355009,9584640
585,398.58500000000004,27.985,1834.0,0.0062154692,0.066029867,1.9775786000000002,-0.011188423,0.133661545,0.9589818120002748,586.0,150016.0,5261.712068715511,9601024
586,399.87,27.975,1834.0,0.00733902305,0.0825602225,1.98058135,-0.0101356015,0.17962234,0.9339226502925156,587.0,150272.0,5270.6445414960035,9617408
587,401.15999999999997,28.34,1834.5,0.006975182999999999,0.066467285,1.9875835,-0.0083533155,0.21708060499999998,0.9076521042734385,588.0,150528.0,5279.5727680754935,9633792
588,408.155,28.560000000000002,1835.0,0.007310588,0.080678305,1.9996293,-0.0101119285,0.14357834,0.9291114211082458,589.0,150784.0,5288.500264916511,9650176
589,409.155,28.515,1833.5,0.007023476250000001,0.078582762,1.9995132999999998,-0.008646539,0.17194707,0.9341061525046825,590.0,151040.0,5297.4340439160005,9666560
590,409.215,27.880000000000003,1834.5,0.009270816,0.106018065,1.9622891,-0.009436557,0.185672555,0.9370784927159548,591.0,151296.0,5306.3732859050215,9682944
591,405.095,27.58,1834.0,0.0097959725,0.11384074,1.9758889000000002,-0.0103982245,0.14706979,0.9315536320209503,592.0,151552.0,5315.305042290507,9699328
592,401.9,27.16,1831.5,0.010878355,0.122131347,1.9604879999999998,-0.0097415805,0.23217969500000002,0.9161436706781387,593.0,151808.0,5324.250258243017,9715712
593,397.02,26.475,1837.5,0.01229286,0.132395425,1.9588567,-0.0095020335,0.194827265,0.9248359566554427,594.0,152064.0,5333.16652822902,9732096
594,390.845,26.25,1832.0,0.011547277,0.131388345,1.9468438000000003,-0.009969728,0.19784212,0.9068655744194984,595.0,152320.0,5342.108055074015,9748480
595,401.83,28.43,1833.5,0.011766894500000001,0.13098145,1.9360612499999998,-0.012489018000000001,0.105094315,0.9587038066238165,596.0,152576.0,5351.050825230006,9764864
596,397.78999999999996,28.06,1820.0,0.009072877,0.101786295,1.91171625,-0.0120407955,0.150342045,0.9349790327250957,597.0,152832.0,5360.051196956512,9781248
597,404.525,28.19,1830.0,0.017290505,0.17203776,1.925182,-0.010994338,0.1137146485,0.9522964432835579,598.0,153088.0,5369.000990613,9797632
598,407.78499999999997,28.505000000000003,1830.0,0.0166602735,0.176503495,1.9262285000000001,-0.010822859,0.16289725,0.9213350992649794,599.0,153344.0,5377.951388853515,9814016
599,407.4,28.16,1833.5,0.014393042500000001,0.13727824,1.9401988,-0.0102340535,0.14334266,0.9403575491160154,600.0,153600.0,5386.884647383515,9830400
600,411.135,28.865000000000002,1833.0,0.015174044,0.16288248,1.9540555999999998,-0.014524233000000001,0.101968382,0.9433042369782925,601.0,153856.0,5395.828640504493,9846784
601,407.38,28.54,1833.5,0.022367393,0.197357175,1.95068535,-0.0098749995,0.24576977,0.8633393682539463,602.0,154112.0,5404.763437850008,9863168
602,404.85,28.055,1836.5,0.020667646,0.19865925499999998,1.9754179,-0.0123726915,0.153176455,0.9222513567656279,603.0,154368.0,5413.683061542513,9879552
603,401.54,27.465,1823.5,0.018096028,0.188191735,1.95876925,-0.011651076,0.14489013,0.9328925386071205,604.0,154624.0,5422.666400547518,9895936
604,395.71500000000003,26.535,1836.5,0.0158450125,0.16263834500000002,1.9698109000000001,-0.01125437575,0.265320935,0.9020150173455477,605.0,154880.0,5431.586103453999,9912320
605,396.365,26.83,1838.5,0.013579011499999998,0.141042075,1.99029365,-0.015444145999999999,0.13710089649999999,0.9357385067269206,606.0,155136.0,5440.504243695017,9928704
606,404.42,27.555,1836.5,0.009631088,0.107198083,1.9882846,-0.0136812135,0.111443895,0.9473946951329708,607.0,155392.0,5449.4225122825155,9945088
607,407.25,28.195,1836.5,0.014005311,0.12966919,1.97936095,-0.01338760075,0.119101855,0.9378770422190428,608.0,155648.0,5458.341983147504,9961472
608,403.525,28.049999999999997,1837.0,0.011848632500000001,0.12927246,1.9754050000000003,-0.010800939749999999,0.15761459,0.9109142161905766,609.0,155904.0,5467.258860024522,9977856
609,403.57500000000005,28.384999999999998,1832.0,0.010301578999999998,0.12038167250000001,1.9699236999999998,-0.01356170525,0.126045405,0.9345899000763892,610.0,156160.0,5476.200205041518,9994240
