eplenmean,eprewmean,fps,loss/approxkl,loss/clipfrac,loss/policy_entropy,loss/policy_loss,loss/value_loss,misc/explained_variance,misc/nupdates,misc/serial_timesteps,misc/time_elapsed,misc/total_timesteps
83.29,-2.67,2026,0.0002627347,0.0,2.707764,-0.0009296656,0.3312233,0.012874364852905273,1,256,8.082974038000003,16384
80.15,-2.25,2977,0.0019251471,0.006388346,2.7031002,-0.0017145356,0.14449264,0.047527313232421875,2,512,13.634019071999973,32768
79.42,-1.73,3000,0.002098947,0.013020833,2.6861753,-0.0020752968,0.13004737,0.1352607011795044,3,768,19.094799093999967,49152
74.64,-1.6,2999,0.0039753946,0.01365153,2.6702268,-0.0022595127,0.12815537,0.22564375400543213,4,1024,24.558341850999994,65536
77.67,-1.63,2968,0.002775805,0.018819174,2.6544578,-0.0027662844,0.13684301,0.31908082962036133,5,1280,30.077953459999975,81920
72.72,-1.29,3019,0.0024060172,0.018310547,2.6611347,-0.0036598195,0.09810906,0.4147990345954895,6,1536,35.503972027,98304
79.6,-1.37,3005,0.0038824913,0.031229654,2.6475031,-0.004987106,0.09946213,0.5317690074443817,7,1792,40.95583821400001,114688
73.22,-1.03,3013,0.0032339438,0.029581705,2.6459568,-0.005235514,0.07033152,0.622182309627533,8,2048,46.39347438500002,131072
75.14,-1.31,2968,0.0036558667,0.03230794,2.6450462,-0.005781334,0.085481144,0.6575509309768677,9,2304,51.91363224900002,147456
72.68,-0.92,2980,0.003976708,0.04264323,2.637491,-0.0070395996,0.07607139,0.6709973514080048,10,2560,57.41160242700002,163840
76.44,-0.82,2945,0.005251663,0.05662028,2.6284444,-0.0082642315,0.069323204,0.7264664173126221,11,2816,62.97452479699999,180224
76.54,-0.7,2909,0.004679197,0.04793294,2.6231751,-0.008876351,0.06861659,0.7093152403831482,12,3072,68.60663845899998,196608
74.23,0.05,2863,0.0050795455,0.05802409,2.6109602,-0.010127567,0.0509854,0.7527140378952026,13,3328,74.33015139199998,212992
74.98,-0.62,2912,0.0063797645,0.078308105,2.5989587,-0.010947389,0.07008191,0.7460111677646637,14,3584,79.95568213699997,229376
79.78,-0.22,2903,0.0065760533,0.07989502,2.5937479,-0.010391475,0.059067693,0.7151095271110535,15,3840,85.59968709500001,245760
76.86,-0.07,2884,0.007979414,0.100097656,2.5805256,-0.011130489,0.061485473,0.7164639830589294,16,4096,91.280242507,262144
75.69,0.18,2870,0.008520345,0.109680176,2.5768569,-0.009632169,0.057731334,0.6262545585632324,17,4352,96.989417525,278528
79.47,0.31,2902,0.007880569,0.100748695,2.579194,-0.009901862,0.05227844,0.6802937984466553,18,4608,102.634726196,294912
81.16,0.52,2936,0.007445739,0.098612465,2.5807867,-0.012589167,0.0647125,0.6528201699256897,19,4864,108.21423373899998,311296
79.65,0.27,2821,0.006645534,0.082621254,2.564891,-0.012651521,0.061037544,0.7125352025032043,20,5120,114.02078538200001,327680
75.53,0.41,2920,0.009122142,0.11954752,2.5694878,-0.010455054,0.056793362,0.6621191203594208,21,5376,119.631509969,344064
83.35,0.65,2845,0.008815317,0.11293539,2.5558095,-0.011312003,0.041053437,0.7051321268081665,22,5632,125.39095082700001,360448
75.78,1.11,2863,0.008155072,0.10573324,2.553226,-0.013083767,0.041584376,0.7410650849342346,23,5888,131.11265433100002,376832
79.53,1.02,2825,0.008581369,0.1120402,2.541283,-0.013979114,0.049593523,0.7303770780563354,24,6144,136.91204062799997,393216
80.01,1.23,2876,0.009569359,0.12595622,2.540233,-0.010686356,0.044421826,0.7715952098369598,25,6400,142.609687938,409600
81.28,1.25,2945,0.009824655,0.13016765,2.522334,-0.012469213,0.03381514,0.778568372130394,26,6656,148.172831182,425984
79.92,1.24,2933,0.008755672,0.11484782,2.5338333,-0.012378347,0.03693042,0.7784302234649658,27,6912,153.758989334,442368
85.88,1.32,2907,0.009772241,0.12662761,2.50972,-0.012754741,0.05264094,0.7432917654514313,28,7168,159.395313948,458752
89.18,1.51,2905,0.010545236,0.13482666,2.5164182,-0.0118540535,0.043627787,0.778325542807579,29,7424,165.034199416,475136
85.9,1.62,2856,0.012928065,0.16042073,2.5013094,-0.013219103,0.042068545,0.7745893448591232,30,7680,170.77152930999998,491520
84.57,1.65,2935,0.010564424,0.13352458,2.489474,-0.013322947,0.037997235,0.8115569800138474,31,7936,176.35448872499998,507904
86.77,1.5,2876,0.010684728,0.13600667,2.4804142,-0.014713016,0.043144066,0.7792883962392807,32,8192,182.051980547,524288
83.77,1.95,2851,0.01108421,0.15002441,2.4577897,-0.016059836,0.035813157,0.8287860751152039,33,8448,187.799035939,540672
77.75,1.91,2820,0.011545967,0.14919026,2.4479349,-0.015786283,0.041457463,0.8244883567094803,34,8704,193.60851153500002,557056
89.26,1.88,2873,0.0118480055,0.1509196,2.4481175,-0.013795334,0.031822372,0.8514727354049683,35,8960,199.31144378399998,573440
86.12,1.85,2888,0.01027203,0.12679036,2.430388,-0.01516468,0.03607351,0.8242006152868271,36,9216,204.98442596499999,589824
97.42,2.08,2887,0.010249819,0.13039143,2.4546773,-0.014606781,0.046478614,0.807198241353035,37,9472,210.65957308,606208
91.31,2.2,2893,0.011835991,0.1521403,2.4447675,-0.015774736,0.037713148,0.8533128947019577,38,9728,216.32250238499998,622592
96.64,2.21,2844,0.011855454,0.14807129,2.4389746,-0.016642135,0.04393265,0.8287178575992584,39,9984,222.08271741500002,638976
92.16,2.15,2907,0.011864855,0.15384929,2.4200866,-0.017204998,0.035677444,0.8698910027742386,40,10240,227.71830275699998,655360
88.09,2.11,2907,0.011093907,0.14813232,2.3950655,-0.016362933,0.03791092,0.847775474190712,41,10496,233.354795327,671744
103.25,2.48,2931,0.011320211,0.15122478,2.380649,-0.013996397,0.044312447,0.8652826100587845,42,10752,238.945139726,688128
100.25,2.49,2939,0.013673734,0.17527263,2.3990896,-0.017651195,0.049900427,0.8285035640001297,43,11008,244.519906985,704512
102.21,2.58,2899,0.012343395,0.1529541,2.3804495,-0.016845943,0.046750117,0.8465054780244827,44,11264,250.17047825900002,720896
110.47,2.7,2894,0.012536823,0.15519206,2.3720121,-0.017779522,0.033834454,0.8999748975038528,45,11520,255.83240283799998,737280
103.67,2.93,2901,0.012219674,0.15523274,2.3623855,-0.016120521,0.043649673,0.8809791207313538,46,11776,261.47984762600004,753664
113.86,3.03,2892,0.011533071,0.14294434,2.3724887,-0.015068881,0.057624955,0.8753460645675659,47,12032,267.145535818,770048
111.87,2.9,2942,0.010235594,0.13128662,2.3781083,-0.012579548,0.12481847,0.7297849953174591,48,12288,272.714627081,786432
118.92,3.26,2896,0.015406606,0.18473308,2.3743002,-0.01473308,0.08357308,0.8175196349620819,49,12544,278.372482097,802816
112.71,3.13,2888,0.011134945,0.1384074,2.3639922,-0.014103088,0.08019037,0.8520654737949371,50,12800,284.045187617,819200
125.28,3.59,2910,0.012333433,0.16107178,2.3336136,-0.015755638,0.048162207,0.9092108756303787,51,13056,289.675287542,835584
118.91,3.33,2937,0.013878039,0.16727702,2.3518262,-0.010720916,0.088343866,0.8567000180482864,52,13312,295.25427109199995,851968
134.25,3.76,2894,0.012402671,0.15311687,2.3401644,-0.012663397,0.09919826,0.8472025394439697,53,13568,300.91541966,868352
109.07,2.37,2882,0.015234177,0.1860555,2.2885454,-0.017057879,0.06881728,0.9082679823040962,54,13824,306.60059957,884736
133.12,3.23,2897,0.011393602,0.14176433,2.3190906,-0.016775133,0.07201863,0.8813079670071602,55,14080,312.256198777,901120
158.24,4.43,2947,0.011854901,0.15315755,2.320084,-0.01630175,0.12028003,0.8635183870792389,56,14336,317.816395567,917504
118.15,2.91,2942,0.014777917,0.17936198,2.3137035,-0.019070134,0.071246155,0.8951613381505013,57,14592,323.3857078809999,933888
127.55,3.48,2884,0.0131306425,0.16204834,2.3129852,-0.017223883,0.0758687,0.8955710306763649,58,14848,329.066780137,950272
140.32,3.94,2875,0.01217349,0.15193684,2.2939262,-0.014956827,0.0887366,0.8900386318564415,59,15104,334.76497928899994,966656
151.57,3.93,2923,0.012258054,0.15167236,2.2987201,-0.013236564,0.101646185,0.8684557676315308,60,15360,340.369124868,983040
153.36,3.95,2895,0.014262546,0.1764323,2.2620134,-0.016054815,0.13439627,0.8720128685235977,61,15616,346.028823223,999424
145.98,3.95,2920,0.012496461,0.15415446,2.2995198,-0.012577508,0.104560256,0.8979555144906044,62,15872,351.64020524299997,1015808
136.02,3.01,2892,0.011821896,0.14703369,2.2753613,-0.013644508,0.116673656,0.8822082802653313,63,16128,357.3049865219999,1032192
151.29,4.26,2903,0.012578766,0.15427653,2.2380016,-0.017334178,0.10705596,0.900263749063015,64,16384,362.949107506,1048576
145.13,3.96,2883,0.013191041,0.1630249,2.2347705,-0.012556319,0.100135356,0.9122649505734444,65,16640,368.63185339999995,1064960
164.2,4.86,2887,0.013094384,0.16457112,2.1862953,-0.009572071,0.16599596,0.9009589701890945,66,16896,374.30620694999993,1081344
191.6,6.09,2910,0.0114024775,0.14086914,2.1985004,-0.012567992,0.15282433,0.8958665207028389,67,17152,379.9365295399999,1097728
159.56,5.05,2884,0.012333614,0.15201823,2.1761951,-0.015020893,0.14912252,0.9112735241651535,68,17408,385.6164004689999,1114112
165.45,5.77,2872,0.012998643,0.16414388,2.1742885,-0.017539183,0.14987303,0.9090982899069786,69,17664,391.3216984989999,1130496
177.55,6.09,2909,0.014442456,0.17159016,2.188371,-0.014150873,0.15876265,0.9130800142884254,70,17920,396.954070366,1146880
165.39,5.95,2900,0.012621347,0.16023763,2.166396,-0.016297137,0.12357256,0.9284403473138809,71,18176,402.602970625,1163264
184.23,6.35,2869,0.014004809,0.16467285,2.1512675,-0.0131209865,0.1882689,0.9159002527594566,72,18432,408.314148734,1179648
166.55,6.1,2903,0.010709801,0.13608806,2.160577,-0.017362436,0.120348394,0.9365412145853043,73,18688,413.95871421899994,1196032
181.21,5.94,2867,0.011626539,0.13492839,2.1654956,-0.016633365,0.11803723,0.9309098571538925,74,18944,419.67280525,1212416
151.85,5.41,2905,0.0122299865,0.14784749,2.1865346,-0.01568926,0.11394336,0.9462792277336121,75,19200,425.31342506399994,1228800
175.35,5.99,2975,0.012419085,0.15096028,2.1562924,-0.015932776,0.1384718,0.9469430781900883,76,19456,430.82135824,1245184
166.33,6.54,2908,0.0107040135,0.13360596,2.150633,-0.015413596,0.11964589,0.9582701101899147,77,19712,436.455982489,1261568
178.76,6.47,2901,0.015295553,0.1772054,2.1514916,-0.020728456,0.19214131,0.9318211749196053,78,19968,442.103027582,1277952
173.64,6.05,2871,0.013261683,0.1597697,2.1418273,-0.015688876,0.18762173,0.9365751519799232,79,20224,447.81031361099997,1294336
188.7,7.29,2935,0.010818283,0.12813313,2.110686,-0.015776947,0.2187121,0.931783102452755,80,20480,453.3919626779999,1310720
197.13,7.58,2875,0.009783351,0.119649254,2.1505518,-0.015363406,0.15406515,0.9550032839179039,81,20736,459.09002449699994,1327104
172.95,6.7,2950,0.010830745,0.13130696,2.1652668,-0.019416075,0.098297894,0.9655511379241943,82,20992,464.64313399599996,1343488
173.13,6.6,2899,0.010589048,0.13519287,2.1405199,-0.017101975,0.12981053,0.9539261162281036,83,21248,470.29387132599993,1359872
188.66,7.13,2881,0.012400362,0.15216064,2.115736,-0.014471047,0.14040987,0.9676265940070152,84,21504,475.98111754699994,1376256
184.94,7.18,2911,0.012765405,0.15112305,2.1549575,-0.019893017,0.16857469,0.9447343051433563,85,21760,481.60932009299995,1392640
168.41,6.56,2921,0.0127145415,0.15574138,2.1528215,-0.015844967,0.13806672,0.9543527066707611,86,22016,487.219140293,1409024
193.71,6.46,2905,0.013755925,0.17405193,2.1308599,-0.015599745,0.17888771,0.939809687435627,87,22272,492.85976451399995,1425408
178.52,6.97,2907,0.012761314,0.14906819,2.1100652,-0.018689232,0.19407754,0.9386074207723141,88,22528,498.496375051,1441792
183.68,7.37,2867,0.013560622,0.16271973,2.134731,-0.017435951,0.19793892,0.9412868395447731,89,22784,504.21007629099995,1458176
187.85,7.1,2876,0.011344168,0.13677979,2.1338537,-0.018176671,0.20478778,0.9189390167593956,90,23040,509.906937385,1474560
199.26,8.3,2865,0.013600211,0.16335042,2.0898476,-0.018356068,0.16599476,0.9475306533277035,91,23296,515.6251046279999,1490944
201.12,7.27,2922,0.011782937,0.14239502,2.0605488,-0.012712718,0.21653426,0.9315255060791969,92,23552,521.231490006,1507328
215.73,9.15,2927,0.010614113,0.13144939,2.0640297,-0.015804537,0.16459739,0.9645346812903881,93,23808,526.828674035,1523712
196.32,8.24,2856,0.016905645,0.18469238,2.1045468,-0.019291952,0.14617239,0.9554963558912277,94,24064,532.56454881,1540096
194.19,7.58,2919,0.012812112,0.15293376,2.0981157,-0.01703882,0.14188328,0.961852103471756,95,24320,538.1763067229999,1556480
185.69,7.64,2823,0.014184247,0.15529378,2.1183374,-0.016297258,0.15817952,0.9589677006006241,96,24576,543.980441316,1572864
203.08,8.07,2925,0.012409441,0.150472,2.090209,-0.014488175,0.23410414,0.9461851976811886,97,24832,549.5814074069999,1589248
203.32,7.31,2891,0.014418133,0.16208903,2.0841177,-0.01916961,0.19714577,0.9449307546019554,98,25088,555.247979229,1605632
221.15,8.69,2885,0.012627102,0.15690105,2.0606244,-0.013521839,0.21869636,0.9441027864813805,99,25344,560.9265130179999,1622016
241.96,10.1,2884,0.011593603,0.13134766,2.0813706,-0.016958319,0.15335278,0.9628910236060619,100,25600,566.606807983,1638400
205.79,8.68,2884,0.010688131,0.13305664,2.0749915,-0.013184971,0.16452233,0.9628360085189342,101,25856,572.2877310819999,1654784
230.3,11.08,2941,0.0124479635,0.15334065,2.0515869,-0.014500502,0.14250118,0.9705358315259218,102,26112,577.8588220839999,1671168
206.03,9.71,2858,0.011907191,0.14418538,2.1068811,-0.017182386,0.10773524,0.9760020487010479,103,26368,583.59144497,1687552
209.36,8.21,2916,0.013124316,0.1474406,2.058533,-0.017887842,0.23257393,0.9461358860135078,104,26624,589.209293214,1703936
208.73,8.35,2898,0.011367891,0.14255778,2.090071,-0.019353366,0.13564444,0.9631814546883106,105,26880,594.8620541399999,1720320
221.76,9.72,2854,0.011923379,0.14642334,2.088186,-0.014173378,0.2057389,0.9474808648228645,106,27136,600.602379198,1736704
219.79,9.38,2897,0.017006157,0.18459065,2.056454,-0.020090582,0.17425714,0.9623528271913528,107,27392,606.256985053,1753088
219.5,10.03,2934,0.011200775,0.13867188,2.0876408,-0.014769667,0.1531267,0.9638179913163185,108,27648,611.840848813,1769472
228.68,9.59,2939,0.010792989,0.13468425,2.0344996,-0.016066344,0.19403623,0.960878100246191,109,27904,617.416152155,1785856
244.16,10.5,2904,0.01408384,0.1671346,2.0526965,-0.017328527,0.19626927,0.9509011469781399,110,28160,623.058493858,1802240
234.83,10.5,2868,0.016143713,0.18711345,2.0369182,-0.019425241,0.16310273,0.9660854153335094,111,28416,628.7719681359999,1818624
254.91,11.67,2932,0.012018114,0.15179443,2.0816076,-0.017578552,0.19017458,0.9531750790774822,112,28672,634.359817876,1835008
252.63,11.31,2925,0.0128475195,0.13655598,2.0852299,-0.01668709,0.2595538,0.9352173581719398,113,28928,639.9616050779999,1851392
235.34,10.58,2917,0.013358424,0.16318767,2.0690405,-0.017969321,0.15149742,0.9670237749814987,114,29184,645.5775519399999,1867776
205.69,8.45,2941,0.012318839,0.15504964,2.0555758,-0.015683018,0.25496766,0.9493730776011944,115,29440,651.148207452,1884160
240.77,10.83,2898,0.013463692,0.15496826,2.1094668,-0.018228773,0.17548822,0.9593682996928692,116,29696,656.80105211,1900544
233.77,10.73,2891,0.012028505,0.13812256,2.0494273,-0.016930593,0.18667503,0.9557092823088169,117,29952,662.467893398,1916928
247.0,12.23,2928,0.0155497575,0.17777507,2.01992,-0.017897202,0.16827829,0.9597572758793831,118,30208,668.064288384,1933312
259.02,11.57,2927,0.011844554,0.13708496,2.0575306,-0.009379486,0.275425,0.9503572545945644,119,30464,673.661913015,1949696
239.46,10.47,2867,0.007667595,0.09238688,2.0336459,-0.01325732,0.21351223,0.9641364365816116,120,30720,679.377258894,1966080
246.32,10.76,2888,0.008170956,0.09429932,1.9803696,-0.013336589,0.21330531,0.9669333137571812,121,30976,685.050670065,1982464
260.28,12.16,2885,0.008452278,0.10479736,1.9805051,-0.0091053,0.2170757,0.9769022427499294,122,31232,690.729034511,1998848
256.0,12.31,2965,0.010695492,0.123677574,1.9339293,-0.013722484,0.2023477,0.9705404210835695,123,31488,696.255396315,2015232
266.82,12.77,2964,0.008709859,0.10233561,1.9487704,-0.011096011,0.23231946,0.9651089869439602,124,31744,701.78250123,2031616
249.37,13.03,2882,0.008406878,0.0927124,1.9694762,-0.011908083,0.19556536,0.9733217656612396,125,32000,707.467557929,2048000
252.67,13.12,2870,0.009582136,0.11922201,1.9464484,-0.015133855,0.15560226,0.9759011566638947,126,32256,713.1753311389999,2064384
274.46,13.63,2920,0.011729837,0.14485677,1.9874693,-0.016756335,0.15489759,0.9721324797719717,127,32512,718.786830848,2080768
235.27,10.84,2878,0.011975647,0.14361572,1.9903483,-0.014863435,0.1455238,0.9758236054331064,128,32768,724.480498483,2097152
256.85,12.91,2905,0.012521534,0.15053304,1.9534906,-0.009987104,0.21825446,0.970381235703826,129,33024,730.120797919,2113536
252.0,13.42,2888,0.008333937,0.101135254,1.9960564,-0.01432256,0.15781225,0.9807839300483465,130,33280,735.7945359319999,2129920
264.33,14.32,2893,0.0072329105,0.08380127,2.0100741,-0.01564254,0.17737602,0.9766708631068468,131,33536,741.458329952,2146304
255.97,12.78,2863,0.012163177,0.12561035,2.0275996,-0.01595198,0.21111022,0.9647088944911957,132,33792,747.181132781,2162688
260.58,12.91,2905,0.013690469,0.15563965,2.0036316,-0.019543359,0.1568513,0.9739141389727592,133,34048,752.821080673,2179072
270.64,14.82,2947,0.012003367,0.14697266,1.9771038,-0.014092921,0.17735212,0.9695010669529438,134,34304,758.38004827,2195456
283.91,15.84,2868,0.012376044,0.15999348,2.0210369,-0.016690847,0.15789004,0.968127328902483,135,34560,764.092300645,2211840
287.84,14.89,2920,0.0112253865,0.14333089,2.0025182,-0.014920957,0.20708247,0.9647067785263062,136,34816,769.7028899559999,2228224
297.41,15.59,2929,0.008717358,0.08848063,2.0338671,-0.012171405,0.19742584,0.9725765809416771,137,35072,775.2975341829999,2244608
274.27,13.83,2875,0.0072940704,0.08843994,2.0403829,-0.014047858,0.20944934,0.9660816974937916,138,35328,780.995230287,2260992
249.26,11.17,2924,0.010366364,0.11313883,2.1284497,-0.016070476,0.21567327,0.9580437690019608,139,35584,786.598500059,2277376
228.95,9.16,2846,0.01239105,0.14416504,2.0794075,-0.020866735,0.1479594,0.9725292511284351,140,35840,792.3559046290001,2293760
234.51,10.11,2902,0.011210505,0.13149007,2.022302,-0.014298335,0.17007834,0.9723405055701733,141,36096,798.001320496,2310144
256.1,13.16,2889,0.011223239,0.1326294,2.0536644,-0.013271943,0.22877045,0.9630198441445827,142,36352,803.6719141729999,2326528
242.67,13.45,2915,0.012002806,0.14908855,2.0591586,-0.018564295,0.16980807,0.9680960960686207,143,36608,809.2920392770001,2342912
249.48,12.96,2968,0.010608029,0.13352458,2.0364745,-0.016171662,0.18028413,0.9658759906888008,144,36864,814.812404445,2359296
278.45,14.12,2946,0.0125436075,0.1350708,2.0599258,-0.016796373,0.21899723,0.9582941755652428,145,37120,820.3728239579999,2375680
268.77,14.21,2947,0.010568633,0.119140625,2.0477126,-0.0169591,0.14307125,0.9752981811761856,146,37376,825.9326769,2392064
265.75,14.38,2895,0.015986942,0.17492676,2.0156424,-0.012726229,0.16430463,0.9735212549567223,147,37632,831.591188338,2408448
295.08,16.54,2919,0.011937323,0.15201823,2.0126598,-0.020130733,0.13097836,0.9757440835237503,148,37888,837.2040118449999,2424832
286.41,15.98,2923,0.010317528,0.1305542,2.028747,-0.019006269,0.12564217,0.9776962175965309,149,38144,842.8097064739999,2441216
269.54,14.85,2887,0.013288646,0.14801025,2.0346568,-0.016562387,0.15982783,0.972891403362155,150,38400,848.4839898609999,2457600
283.96,14.67,2904,0.014926144,0.16864014,2.0365913,-0.018235002,0.19464113,0.956394262611866,151,38656,854.1260717060001,2473984
295.29,14.66,2933,0.011968716,0.1375122,2.0295913,-0.011761927,0.2685798,0.9561514221131802,152,38912,859.711429935,2490368
303.46,15.42,2898,0.00963292,0.1112264,2.05037,-0.014927377,0.16816832,0.9709364473819733,153,39168,865.364777998,2506752
304.54,15.99,2835,0.011408956,0.14082845,2.0345266,-0.01546177,0.1748705,0.9680797010660172,154,39424,871.1433775869999,2523136
298.97,16.47,2902,0.009410932,0.10852051,2.0288615,-0.013573737,0.19682825,0.9631917104125023,155,39680,876.789660027,2539520
281.01,15.08,2875,0.01463107,0.17515056,1.9975691,-0.015027384,0.1695025,0.9693775922060013,156,39936,882.4880380159999,2555904
296.85,14.69,2883,0.015718209,0.16534424,1.9994335,-0.016123721,0.28145364,0.949194572865963,157,40192,888.171324648,2572288
283.2,14.17,2857,0.016022995,0.18373616,2.0132678,-0.012471773,0.22074182,0.9619172662496567,158,40448,893.9062282680001,2588672
290.75,15.79,2913,0.017199565,0.19873047,2.0032885,-0.016615437,0.17907159,0.9647706151008606,159,40704,899.530114693,2605056
294.44,15.23,2921,0.008357833,0.108439125,1.9570688,-0.011163081,0.19160675,0.9719941858202219,160,40960,905.1381093599999,2621440
302.61,16.76,2803,0.0093316445,0.12082926,1.9980434,-0.013173167,0.18963528,0.9734355062246323,161,41216,910.983811744,2637824
305.58,17.21,2874,0.011611159,0.12809245,1.998017,-0.012508488,0.21763627,0.9547625109553337,162,41472,916.684837764,2654208
312.08,17.27,2856,0.010441959,0.12890625,2.0100815,-0.0159091,0.15927704,0.9651858061552048,163,41728,922.4222510769999,2670592
292.59,15.77,2870,0.014273104,0.15887451,1.9970255,-0.010662079,0.24773495,0.9602763503789902,164,41984,928.1317006410001,2686976
277.21,15.81,2899,0.018747233,0.20725505,2.0184238,-0.0028879065,0.18316297,0.9726916216313839,165,42240,933.783406805,2703360
298.02,16.73,2924,0.016831541,0.19209798,1.9726292,-0.01989857,0.17787975,0.9676502607762814,166,42496,939.3858525750001,2719744
317.65,17.28,2873,0.015251596,0.17051189,2.004671,-0.013423696,0.2579315,0.9625171087682247,167,42752,945.0893986570001,2736128
310.93,16.56,2952,0.015600293,0.16534424,2.0167873,-0.011443761,0.15623797,0.9728149902075529,168,43008,950.6390402650001,2752512
298.96,16.89,2912,0.014565732,0.18074544,2.0008528,-0.020838888,0.15306427,0.9714837279170752,169,43264,956.26551665,2768896
314.48,16.96,2928,0.014195044,0.17211914,1.9879578,-0.011361163,0.24832612,0.96407675370574,170,43520,961.8603525919999,2785280
300.76,15.26,2940,0.009664905,0.11806234,1.9551759,-0.013438296,0.34347287,0.9479299746453762,171,43776,967.433350616,2801664
294.35,16.57,2927,0.0153710805,0.17942302,1.9795278,-0.01862001,0.16480356,0.9744583908468485,172,44032,973.0317054349999,2818048
292.61,16.16,2908,0.015847664,0.1737264,2.0155265,-0.014578086,0.2600806,0.9638977684080601,173,44288,978.665294824,2834432
271.08,13.44,2913,0.015589896,0.17144775,1.9815321,-0.014329572,0.28180435,0.9616426900029182,174,44544,984.288856922,2850816
273.5,14.82,2908,0.012767526,0.15075684,2.0179098,-0.015141432,0.25561535,0.9600598104298115,175,44800,989.9236358229999,2867200
302.7,16.72,2956,0.015019731,0.16764323,1.981523,-0.015446127,0.23255856,0.9638238660991192,176,45056,995.465765069,2883584
320.17,17.08,2853,0.012849469,0.14807129,1.9979309,-0.014192955,0.3035015,0.946743804961443,177,45312,1001.20947186,2899968
308.17,16.46,2907,0.016046757,0.18827312,2.0251617,-0.008497584,0.2609259,0.9623849876224995,178,45568,1006.846040943,2916352
279.8,13.97,2883,0.013381361,0.14573161,2.0452254,-0.0113585815,0.30120692,0.9528304189443588,179,45824,1012.5286549629999,2932736
281.45,14.06,2871,0.014903617,0.17270915,2.017059,-0.01512292,0.20942132,0.9617141038179398,180,46080,1018.2348103190001,2949120
299.39,15.57,2903,0.009611784,0.1190389,1.9881946,-0.014786762,0.35185447,0.939031857997179,181,46336,1023.877845441,2965504
308.16,15.37,2916,0.01224547,0.15199788,1.9872541,-0.014120831,0.2139436,0.9603597111999989,182,46592,1029.497284475,2981888
312.93,16.24,2921,0.015025556,0.18109131,1.970883,-0.012284274,0.18380006,0.9643336087465286,183,46848,1035.106090763,2998272
312.46,17.14,2879,0.015158643,0.18261719,2.034867,-0.012244509,0.25930926,0.952660582959652,184,47104,1040.796960032,3014656
304.01,16.49,2912,0.0111973705,0.12752278,2.0530403,-0.01220576,0.25104547,0.9540719352662563,185,47360,1046.423930684,3031040
312.13,16.35,2896,0.0119787315,0.14341228,2.047249,-0.017683353,0.26747838,0.9516794048249722,186,47616,1052.0820331050002,3047424
286.99,14.54,2872,0.012338509,0.14249675,2.06929,-0.014951792,0.24974775,0.9586466737091541,187,47872,1057.7875308070002,3063808
278.9,14.14,2904,0.01003025,0.11686198,2.0550005,-0.0177633,0.25959858,0.956375852227211,188,48128,1063.428927054,3080192
301.86,15.14,2931,0.01058507,0.12756348,2.077306,-0.015761072,0.29811397,0.9473011083900928,189,48384,1069.018125671,3096576
297.66,14.69,2953,0.011675787,0.13201904,2.066995,-0.014564451,0.22530909,0.9624837674200535,190,48640,1074.566912087,3112960
299.08,14.97,2942,0.010041094,0.127299,2.038043,-0.017004324,0.22456448,0.966268066316843,191,48896,1080.1356002270002,3129344
303.51,15.54,2916,0.016333247,0.18381755,2.0628254,-0.017109385,0.29434034,0.9532482214272022,192,49152,1085.754447449,3145728
303.61,15.95,2869,0.013130481,0.15415446,2.0634427,-0.0142445965,0.30787084,0.9482650756835938,193,49408,1091.4659215630002,3162112
306.57,15.77,2916,0.015907634,0.19244385,2.0491571,-0.016393494,0.1853144,0.9665810279548168,194,49664,1097.0842622,3178496
333.19,17.43,2863,0.010309633,0.12371826,2.0347555,-0.015761318,0.19944966,0.9614701047539711,195,49920,1102.807560116,3194880
328.53,18.58,2947,0.016295955,0.20196533,2.0166261,-0.018803624,0.11450707,0.9823103658854961,196,50176,1108.3668029740002,3211264
315.43,18.3,2894,0.014273417,0.1648763,2.0386736,-0.008036892,0.21832037,0.9705861564725637,197,50432,1114.028728902,3227648
322.35,18.15,2929,0.010702182,0.13808186,2.0237427,-0.017259797,0.16750611,0.9734787978231907,198,50688,1119.62259541,3244032
316.72,17.96,2914,0.014290415,0.17354329,2.0173767,-0.01733164,0.16877468,0.9693256299942732,199,50944,1125.245946754,3260416
323.0,18.64,2877,0.01802566,0.20507812,1.9744215,-0.015041422,0.22260611,0.964984841644764,200,51200,1130.941229662,3276800
334.45,20.32,2821,0.015467449,0.190979,2.018421,-0.021020507,0.12664802,0.9766181129962206,201,51456,1136.7492108160002,3293184
315.12,18.1,2928,0.013093586,0.1585083,2.0135534,-0.015230089,0.19442439,0.968635194003582,202,51712,1142.345156665,3309568
310.49,16.76,2753,0.012705724,0.16707356,2.0073104,-0.009261002,0.18221045,0.972579799592495,203,51968,1148.2956846670002,3325952
334.62,19.33,2764,0.0113855675,0.120503746,1.9561173,-0.015643138,0.22643133,0.9525172524154186,204,52224,1154.2231333920001,3342336
338.41,19.12,2780,0.016498446,0.18107097,1.9466552,-0.017494788,0.15892766,0.9695778395980597,205,52480,1160.1157220310001,3358720
350.1,19.28,2812,0.008362324,0.09452311,1.9794955,-0.014630419,0.26282236,0.9479137621819973,206,52736,1165.9428974090001,3375104
339.88,18.0,2875,0.01496618,0.17097981,1.9852499,-0.01236152,0.22133617,0.9600631184875965,207,52992,1171.6413952,3391488
322.25,17.2,2881,0.01210967,0.12937419,1.9763528,-0.01394241,0.27091604,0.9495954439043999,208,53248,1177.328410239,3407872
334.03,18.17,2893,0.009475467,0.11238607,1.9608192,-0.013972784,0.28794435,0.9406630955636501,209,53504,1182.99082346,3424256
331.51,18.62,2910,0.011572202,0.13572185,1.9705201,-0.01439406,0.19713372,0.9657986089587212,210,53760,1188.621850152,3440640
315.66,17.15,2883,0.008758032,0.10925293,1.9702297,-0.011673316,0.30088344,0.9592213779687881,211,54016,1194.304685299,3457024
298.76,16.16,2862,0.013007574,0.14874268,1.9535279,-0.011409082,0.20693828,0.9651030115783215,212,54272,1200.0300086010002,3473408
322.44,18.11,2824,0.00990824,0.12624104,1.9788712,-0.012184121,0.1719227,0.9796892236918211,213,54528,1205.8323244540002,3489792
340.6,19.73,2869,0.017143928,0.19116211,1.9428954,-0.014522105,0.23464869,0.9648543298244476,214,54784,1211.542364712,3506176
322.36,18.22,2916,0.0108667575,0.10636393,1.96588,-0.012051047,0.32473454,0.9547534771263599,215,55040,1217.1616462920001,3522560
309.35,16.83,2879,0.00796893,0.08805338,2.0045683,-0.01248707,0.4638605,0.9323186501860619,216,55296,1222.8512777350002,3538944
315.17,17.71,2794,0.0104232645,0.12843831,1.9470736,-0.0121772485,0.20115936,0.9723962377756834,217,55552,1228.714156551,3555328
307.88,17.31,2856,0.008071915,0.08939616,1.965331,-0.013145448,0.270268,0.9710975028574467,218,55808,1234.450941774,3571712
282.91,15.91,2880,0.0074098525,0.089131676,1.9074625,-0.011389829,0.31123382,0.96090417355299,219,56064,1240.1392521120001,3588096
305.49,17.18,2862,0.009718874,0.09775797,1.924296,-0.011644997,0.21176778,0.9661632478237152,220,56320,1245.863841174,3604480
341.12,19.76,2863,0.007654913,0.08907064,1.9085892,-0.01142035,0.19540913,0.9694060441106558,221,56576,1251.586102443,3620864
355.65,21.31,2751,0.008218798,0.101623535,1.920103,-0.012670665,0.21686989,0.9725507330149412,222,56832,1257.540831627,3637248
344.75,20.65,2779,0.006626125,0.076822914,1.9204615,-0.013392159,0.16541903,0.9795691017061472,223,57088,1263.4367583740002,3653632
322.59,19.57,2843,0.007394916,0.083475746,1.90475,-0.012267984,0.31470266,0.959703091531992,224,57344,1269.199170161,3670016
306.47,18.06,2870,0.010465067,0.11016846,1.9041553,-0.011965078,0.2607362,0.9709771368652582,225,57600,1274.907824721,3686400
328.71,19.31,2875,0.0083428575,0.07847086,1.900577,-0.011442195,0.22137415,0.9764801654964685,226,57856,1280.60713207,3702784
336.17,19.78,2903,0.008867076,0.10201009,1.9121088,-0.011377621,0.19814454,0.9752062689512968,227,58112,1286.250736868,3719168
330.16,19.26,2830,0.007873709,0.0904541,1.8847046,-0.012876007,0.18380089,0.9832779839634895,228,58368,1292.040082398,3735552
329.69,18.47,2898,0.00793784,0.09352621,1.8865646,-0.0122376485,0.22985198,0.9768284372985363,229,58624,1297.6927200710002,3751936
320.29,17.77,2886,0.0076349643,0.08414713,1.8563613,-0.010477051,0.26338154,0.965257428586483,230,58880,1303.370698631,3768320
329.15,18.78,2826,0.0066122008,0.07513428,1.8800174,-0.011412713,0.23608398,0.9743592049926519,231,59136,1309.1686032480002,3784704
337.21,19.93,2794,0.0072124205,0.083862305,1.8487034,-0.011637833,0.21876143,0.9709098320454359,232,59392,1315.0330649050002,3801088
343.63,21.8,2799,0.006410204,0.073506676,1.824048,-0.010616624,0.2224536,0.9751218259334564,233,59648,1320.885245234,3817472
347.62,22.31,2871,0.0068100155,0.078308105,1.8332075,-0.013431929,0.20799309,0.9758961033076048,234,59904,1326.5924454580002,3833856
345.72,20.44,2802,0.0072591305,0.07761637,1.8169131,-0.010952546,0.3544755,0.9546442963182926,235,60160,1332.438615688,3850240
331.85,18.98,2856,0.007841187,0.08532715,1.8418055,-0.011570173,0.23450191,0.9750564582645893,236,60416,1338.174766021,3866624
338.47,20.06,2897,0.007752474,0.09674072,1.8369279,-0.01331126,0.17391025,0.9844866264611483,237,60672,1343.830632931,3883008
342.21,21.01,2838,0.007118184,0.08089193,1.8402568,-0.011543911,0.19275476,0.9780591167509556,238,60928,1349.6037750560001,3899392
343.08,21.01,2841,0.0075986753,0.092692055,1.8657309,-0.013902534,0.184115,0.9793691001832485,239,61184,1355.369700257,3915776
337.59,19.96,2796,0.010559016,0.13193767,1.858925,-0.0128147155,0.2175238,0.9778062533587217,240,61440,1361.229250688,3932160
338.96,18.84,2732,0.011071086,0.11171468,1.8476315,-0.011230613,0.20915979,0.9797403384000063,241,61696,1367.225324856,3948544
336.01,18.56,2766,0.008819176,0.08929443,1.8157673,-0.010283736,0.3282765,0.970703462138772,242,61952,1373.1476508340002,3964928
344.07,20.05,2864,0.008076354,0.10078939,1.8455361,-0.017542448,0.13970752,0.9869013708084822,243,62208,1378.868595163,3981312
348.54,20.8,2869,0.006248103,0.07287598,1.8165299,-0.010819633,0.19675131,0.9801109693944454,244,62464,1384.580007624,3997696
343.67,20.9,2897,0.007989707,0.08935547,1.8304424,-0.012146651,0.16950351,0.9859898099675775,245,62720,1390.2351124440002,4014080
333.7,20.38,2800,0.006848231,0.08288574,1.8075151,-0.012464054,0.250198,0.9718377199023962,246,62976,1396.086290011,4030464
351.72,21.93,2858,0.015878698,0.12371826,1.813321,-0.008204655,0.25751957,0.9708800818771124,247,63232,1401.819594367,4046848
352.4,22.01,2832,0.0073147193,0.08243815,1.8129009,-0.011205851,0.20225416,0.9757377244532108,248,63488,1407.6040363660002,4063232
347.38,21.79,2879,0.008586822,0.09903971,1.8483263,-0.014192627,0.20137314,0.9834060221910477,249,63744,1413.2943046290002,4079616
345.33,20.42,2967,0.007412299,0.085998535,1.800032,-0.0130612785,0.25475004,0.9777658712118864,250,64000,1418.815982995,4096000
328.22,19.31,2793,0.0063917157,0.06917318,1.8141183,-0.0132444585,0.16685472,0.985793137922883,251,64256,1424.6815128970002,4112384
343.95,20.92,2780,0.008658162,0.10042318,1.8162074,-0.011622906,0.2035122,0.9800270237028599,252,64512,1430.574261022,4128768
345.99,21.16,2731,0.008305617,0.094685875,1.8129352,-0.012415923,0.21646886,0.97765052318573,253,64768,1436.57303324,4145152
331.97,19.94,2917,0.01006803,0.09853109,1.8005332,-0.011020344,0.40126872,0.9622130878269672,254,65024,1442.1904395410002,4161536
320.61,18.04,2806,0.0075457,0.08976237,1.823544,-0.015425659,0.15687816,0.9883704436942935,255,65280,1448.0285192820002,4177920
332.29,19.0,2864,0.0074237236,0.08833822,1.8042817,-0.016358769,0.13921306,0.9884997364133596,256,65536,1453.74885691,4194304
336.18,20.36,2838,0.00795244,0.090148926,1.8075738,-0.013346753,0.19141914,0.9824312254786491,257,65792,1459.5223537670001,4210688
337.79,20.79,2878,0.008984955,0.10316976,1.8330239,-0.013410713,0.17882502,0.9851057063788176,258,66048,1465.2142185730002,4227072
331.36,19.56,2866,0.007191409,0.0896403,1.784421,-0.0142555,0.21315159,0.982772309333086,259,66304,1470.9302816840002,4243456
338.37,20.25,2852,0.007068664,0.08359782,1.7920604,-0.012703077,0.18242955,0.9813204891979694,260,66560,1476.6750274770002,4259840
335.03,20.59,2663,0.010094898,0.101867676,1.7977767,-0.011687721,0.24531078,0.9801113437861204,261,66816,1482.827609822,4276224
322.19,18.49,2877,0.009253076,0.10357666,1.7831422,-0.012716644,0.21946175,0.9811604134738445,262,67072,1488.521329179,4292608
327.13,19.62,2850,0.009175501,0.10872396,1.7739378,-0.011846799,0.22141218,0.9792713932693005,263,67328,1494.269396906,4308992
326.29,20.79,2865,0.009286206,0.1056722,1.7687861,-0.014973886,0.19161117,0.9840137343853712,264,67584,1499.9872092330002,4325376
328.19,20.9,2821,0.0077471077,0.088012695,1.7636398,-0.012378506,0.17236812,0.986300771124661,265,67840,1505.7956188730002,4341760
321.85,20.43,2927,0.009313553,0.105895996,1.8091955,-0.011988523,0.30403918,0.9663956873118877,266,68096,1511.3940069340001,4358144
346.76,21.51,2829,0.008926575,0.10280355,1.8047857,-0.010263872,0.24293984,0.9697979632765055,267,68352,1517.185618227,4374528
357.78,22.18,2778,0.008379691,0.09794108,1.7881804,-0.014746905,0.15464135,0.9848506543785334,268,68608,1523.083330328,4390912
346.0,20.34,2823,0.011889681,0.10788981,1.7793851,-0.00880611,0.29627264,0.9708856269717216,269,68864,1528.8863864890002,4407296
319.88,18.71,2870,0.008639003,0.09710693,1.7787023,-0.011110906,0.23513757,0.9804660696536303,270,69120,1534.596012208,4423680
325.58,20.04,2823,0.009189329,0.09928385,1.76855,-0.01291236,0.14584213,0.9827335085719824,271,69376,1540.399980652,4440064
341.78,21.61,2815,0.0084565,0.09983317,1.7574826,-0.012400087,0.17704995,0.9826974682509899,272,69632,1546.2197451640002,4456448
357.34,23.11,2876,0.008206216,0.09578451,1.7620488,-0.011829111,0.21609508,0.97361771017313,273,69888,1551.916298344,4472832
360.02,22.66,2844,0.015787061,0.14575195,1.7650723,-0.008463527,0.22163703,0.9745415598154068,274,70144,1557.676269776,4489216
352.78,22.13,2810,0.011064973,0.1231486,1.7742742,-0.011021734,0.2029685,0.9821690730750561,275,70400,1563.5058198210002,4505600
349.76,21.3,2729,0.009698274,0.12550862,1.7592397,-0.01694549,0.12919036,0.9882124848663807,276,70656,1569.509309236,4521984
337.33,19.51,2862,0.010933198,0.110310875,1.7426604,-0.009993881,0.25423682,0.9731343947350979,277,70912,1575.234327286,4538368
338.11,19.38,2757,0.008980475,0.10803223,1.7686758,-0.01222752,0.22780567,0.9725010897964239,278,71168,1581.1762993020002,4554752
343.38,21.1,2731,0.00932336,0.11521403,1.7756324,-0.012105542,0.1407573,0.9821823928505182,279,71424,1587.175253959,4571136
330.21,20.84,2846,0.011006123,0.10514323,1.7793604,-0.012173097,0.25746194,0.9759763535112143,280,71680,1592.9316802350002,4587520
334.12,21.09,2873,0.011158012,0.1338908,1.8063456,-0.011717468,0.17855988,0.9742950983345509,281,71936,1598.6336073730001,4603904
342.07,22.0,2849,0.009956126,0.11260986,1.7797604,-0.011357199,0.1699921,0.9824443701654673,282,72192,1604.383379463,4620288
336.27,22.32,2741,0.011161099,0.10736084,1.789709,-0.009681881,0.20241372,0.9743758272379637,283,72448,1610.360905508,4636672
332.57,21.66,2750,0.011689973,0.121907555,1.8302531,-0.010101308,0.30680957,0.9626357890665531,284,72704,1616.3179379520002,4653056
336.96,21.05,2838,0.010809959,0.12465414,1.8017159,-0.01404255,0.1330752,0.9883697479963303,285,72960,1622.09155979,4669440
344.34,21.44,2867,0.008843612,0.113342285,1.802503,-0.0154985795,0.14899312,0.9856505421921611,286,73216,1627.806041923,4685824
345.91,21.42,2841,0.009603457,0.11279297,1.7904053,-0.01269811,0.14453794,0.9870859012007713,287,73472,1633.5717296,4702208
338.62,21.19,2850,0.009109139,0.112569176,1.8201069,-0.014964453,0.11095971,0.9902564156800508,288,73728,1639.320079956,4718592
337.94,21.2,2859,0.009515072,0.1194458,1.8024001,-0.015867168,0.115458876,0.9902044432237744,289,73984,1645.050255182,4734976
333.33,20.8,2777,0.012125331,0.1259969,1.8153836,-0.010523583,0.20891719,0.9778903853148222,290,74240,1650.949609921,4751360
340.73,22.17,2763,0.008160139,0.09366862,1.7745533,-0.014201339,0.14819248,0.9765836466103792,291,74496,1656.879387536,4767744
367.89,25.31,2851,0.011783663,0.120015465,1.809568,-0.012437158,0.11641418,0.9869895661249757,292,74752,1662.626495645,4784128
356.5,23.67,2867,0.012585065,0.13128662,1.7642347,-0.008801098,0.25024185,0.9741824362426996,293,75008,1668.34150588,4800512
331.95,21.43,2861,0.011521707,0.13887532,1.7889947,-0.009309803,0.21819943,0.9840138163417578,294,75264,1674.068559772,4816896
337.98,23.08,2819,0.0146884965,0.1587321,1.7904772,-0.010308702,0.12238204,0.9894194733351469,295,75520,1679.8802699130001,4833280
356.82,24.37,2840,0.01763785,0.17482503,1.8015393,-0.010176853,0.17777239,0.9768165852874517,296,75776,1685.648266522,4849664
356.15,23.54,2857,0.012953117,0.15816243,1.8175287,-0.015788829,0.09002633,0.9905591960996389,297,76032,1691.383528277,4866048
356.09,22.62,2895,0.010924645,0.119913734,1.7866158,-0.010776577,0.23571937,0.9729104191064835,298,76288,1697.042338319,4882432
339.16,21.32,2828,0.015196738,0.14160156,1.7836889,-0.0068716616,0.29469436,0.9626324139535427,299,76544,1702.835735718,4898816
346.28,22.23,2907,0.016147986,0.12473551,1.8176427,-0.0056599304,0.22961974,0.9668075852096081,300,76800,1708.4725474650002,4915200
348.77,21.79,2844,0.012514129,0.14986165,1.7861534,-0.010615672,0.19750981,0.9741193354129791,301,77056,1714.233697632,4931584
354.74,22.36,2854,0.011151552,0.12906902,1.8081709,-0.008997209,0.20560955,0.966179147362709,302,77312,1719.974485512,4947968
348.4,21.41,2865,0.01140098,0.12809245,1.7683092,-0.011447133,0.39692625,0.9420066848397255,303,77568,1725.692093414,4964352
326.16,19.55,2842,0.01379775,0.15968831,1.7588083,-0.012683851,0.12793243,0.9888891940936446,304,77824,1731.456752673,4980736
337.38,21.47,2863,0.013946816,0.16377766,1.7890357,-0.010859613,0.13635504,0.9850829811766744,305,78080,1737.1784038770002,4997120
344.19,21.26,2920,0.011110019,0.13926189,1.7787548,-0.009817132,0.23719563,0.9769862070679665,306,78336,1742.78975003,5013504
310.99,18.9,2835,0.015658515,0.17948405,1.7676176,-0.006955594,0.25668177,0.975621772930026,307,78592,1748.5696351450001,5029888
329.45,20.73,2826,0.012072284,0.14896648,1.7868837,-0.01162994,0.16542275,0.9829901717603207,308,78848,1754.366913737,5046272
347.33,21.67,2806,0.012253842,0.13427734,1.7162498,-0.010698537,0.24562174,0.9704027064144611,309,79104,1760.2044809650001,5062656
326.1,19.9,2778,0.020595122,0.21907552,1.703467,-0.008461918,0.25171825,0.9754628743976355,310,79360,1766.101281832,5079040
329.86,20.5,2822,0.016886177,0.18625896,1.7652327,-0.010775514,0.16679816,0.9780330024659634,311,79616,1771.907040173,5095424
341.06,21.09,2831,0.01918854,0.20794678,1.7734834,-0.013814643,0.10473069,0.9841139819473028,312,79872,1777.6943185720002,5111808
356.57,22.27,2881,0.016785027,0.18343098,1.766593,-0.0129822,0.26450488,0.9652729406952858,313,80128,1783.38193098,5128192
324.51,19.38,2848,0.016135512,0.16569011,1.7872014,-0.012046546,0.4474027,0.948879636824131,314,80384,1789.134068692,5144576
320.62,18.26,2859,0.01696102,0.16660564,1.8218018,-0.012268379,0.35825136,0.9533692337572575,315,80640,1794.863864414,5160960
332.11,19.41,2820,0.014002413,0.17224121,1.7826711,-0.01169131,0.22483326,0.9660831540822983,316,80896,1800.674625623,5177344
337.99,20.68,2879,0.024972701,0.23370361,1.8148252,-0.0063871336,0.25891647,0.9602410234510899,317,81152,1806.366320048,5193728
350.08,21.73,2808,0.01647919,0.17553711,1.8373733,-0.007021118,0.2259451,0.9760036189109087,318,81408,1812.2011855310002,5210112
335.05,20.33,2876,0.023511147,0.22353108,1.8158464,-0.009881349,0.1437114,0.9813936110585928,319,81664,1817.897818845,5226496
330.32,19.92,2902,0.014503068,0.17606609,1.8460917,-0.0119532375,0.15859751,0.9799691215157509,320,81920,1823.5441023030003,5242880
329.84,20.56,2887,0.01796597,0.18664551,1.8615084,-0.009412067,0.23487169,0.9707030355930328,321,82176,1829.219545517,5259264
327.79,20.24,2892,0.021947743,0.20428467,1.8545438,-0.0070320684,0.22203052,0.9590949602425098,322,82432,1834.8845317300002,5275648
340.77,21.73,2888,0.010771311,0.13370769,1.8447238,-0.014555286,0.12058824,0.9816317465156317,323,82688,1840.557965767,5292032
352.82,22.12,2804,0.0123139145,0.13645427,1.8243071,-0.010614625,0.17571892,0.9775549955666065,324,82944,1846.4018061380002,5308416
350.4,20.52,2841,0.014821153,0.16182454,1.8429027,-0.014041935,0.18270564,0.9712955448776484,325,83200,1852.1683262450001,5324800
338.74,19.5,2889,0.017933272,0.17576091,1.8276153,-0.011402413,0.15731217,0.9788943231105804,326,83456,1857.8390831279999,5341184
336.77,20.73,2828,0.01972944,0.22247314,1.8840908,-0.0117587475,0.22498266,0.9484132267534733,327,83712,1863.6334606340001,5357568
327.41,20.18,2919,0.013215245,0.16013591,1.8350573,-0.01488738,0.15498911,0.9694853648543358,328,83968,1869.2456263950003,5373952
338.5,21.47,2829,0.019068038,0.18127441,1.8716515,-0.014902957,0.16485788,0.9619067087769508,329,84224,1875.0373140340002,5390336
352.78,22.04,2821,0.014383475,0.16223145,1.8474172,-0.014923424,0.18086664,0.9646358639001846,330,84480,1880.8458529590002,5406720
334.61,19.82,2872,0.0130713135,0.1564738,1.8785826,-0.013148204,0.22196299,0.9635804183781147,331,84736,1886.550906118,5423104
328.49,20.04,2803,0.013663672,0.15736897,1.8960162,-0.012761082,0.1912142,0.9592490307986736,332,84992,1892.3961157190001,5439488
342.14,20.85,2847,0.013766374,0.16239421,1.8454584,-0.013018011,0.22182567,0.9556559287011623,333,85248,1898.149501512,5455872
353.85,21.91,2850,0.014672731,0.1745402,1.8833262,-0.012208528,0.19513993,0.960034653544426,334,85504,1903.8977481360002,5472256
339.08,21.25,2890,0.016475884,0.18617757,1.8513874,-0.010979963,0.20574492,0.9653888829052448,335,85760,1909.5671425680002,5488640
342.02,21.77,2881,0.01843251,0.19891357,1.8958611,-0.0141203245,0.14836158,0.9699827469885349,336,86016,1915.2533054179999,5505024
338.51,20.13,2933,0.018705172,0.20062256,1.9086418,-0.008664749,0.28496626,0.9331146478652954,337,86272,1920.839155186,5521408
325.37,18.98,2847,0.010739994,0.13118489,1.9133135,-0.010838951,0.25737333,0.9457291811704636,338,86528,1926.5941988270001,5537792
332.5,20.43,2900,0.011250948,0.13289388,1.9229966,-0.011914913,0.20658518,0.9566086195409298,339,86784,1932.243087286,5554176
336.04,20.68,2814,0.013207094,0.1537679,1.9560413,-0.010395574,0.16115566,0.9682617336511612,340,87040,1938.0653702140003,5570560
336.86,20.41,2835,0.017033873,0.13956706,1.9481171,-0.008294826,0.25969043,0.9514803811907768,341,87296,1943.8431565220003,5586944
328.0,18.43,2849,0.007994609,0.093180336,1.9447503,-0.0119867725,0.3067191,0.9327092468738556,342,87552,1949.593751338,5603328
331.19,18.86,2864,0.007839693,0.0865682,1.9442242,-0.01306147,0.23211272,0.9546721279621124,343,87808,1955.3134751820003,5619712
345.04,20.2,2866,0.0097046,0.10410563,1.9699273,-0.012103488,0.2630972,0.9441747851669788,344,88064,1961.0311044170003,5636096
358.4,20.51,2850,0.007146115,0.08685303,1.9526486,-0.012622543,0.23697056,0.9458499662578106,345,88320,1966.778897611,5652480
343.85,19.93,2853,0.006940114,0.076538086,1.9027424,-0.011322498,0.296109,0.9537441767752171,346,88576,1972.522013103,5668864
335.35,19.81,2811,0.00848394,0.08998617,1.889885,-0.01454559,0.25318336,0.9545248262584209,347,88832,1978.3496569510003,5685248
347.59,20.55,2904,0.00839543,0.09680176,1.9051256,-0.012044572,0.21998586,0.9522199779748917,348,89088,1983.9911710790002,5701632
337.27,20.51,2784,0.009489899,0.10176595,1.9099587,-0.0134230135,0.1432357,0.973889984190464,349,89344,1989.876065849,5718016
342.85,21.47,2824,0.009326599,0.11993408,1.8977299,-0.011647618,0.18997397,0.967896182090044,350,89600,1995.6772016300001,5734400
330.83,20.52,2843,0.008728668,0.103006996,1.8761953,-0.0096791005,0.31872228,0.945044506341219,351,89856,2001.4398909440001,5750784
344.8,21.01,2843,0.009427393,0.113220215,1.8889122,-0.011658947,0.1697765,0.9651043936610222,352,90112,2007.2029270550001,5767168
359.38,22.94,2922,0.008102054,0.09554037,1.9279243,-0.014954284,0.10533703,0.9770821891725063,353,90368,2012.809260822,5783552
363.59,23.2,2910,0.0083549125,0.103515625,1.8962277,-0.013234079,0.27638432,0.9472606405615807,354,90624,2018.438642563,5799936
343.19,20.36,2804,0.00872136,0.09118652,1.9262643,-0.012874546,0.26170543,0.9413594752550125,355,90880,2024.2807124750002,5816320
351.97,21.43,2867,0.009040992,0.10644531,1.9291496,-0.011129116,0.17550397,0.9676476866006851,356,91136,2029.994195329,5832704
364.69,22.21,2841,0.00943997,0.11378988,1.9532232,-0.012388118,0.16241215,0.9751637242734432,357,91392,2035.7617185120002,5849088
361.42,21.93,2875,0.009831279,0.123555504,1.9661139,-0.014768331,0.12265244,0.9771804995834827,358,91648,2041.459812442,5865472
365.78,22.21,2775,0.010258014,0.12624104,1.9465462,-0.013243001,0.16891962,0.9749587625265121,359,91904,2047.364889557,5881856
345.48,20.36,2836,0.013482262,0.13582356,1.9277455,-0.012134567,0.22620654,0.9599328562617302,360,92160,2053.14228154,5898240
336.68,20.51,2925,0.010974418,0.13309734,1.9278784,-0.012993145,0.098307766,0.9834474250674248,361,92416,2058.742996045,5914624
338.97,21.28,2858,0.008839845,0.10091146,1.9304252,-0.012229272,0.1839963,0.972572660073638,362,92672,2064.4750902700002,5931008
335.83,19.87,2854,0.010885929,0.12414551,1.9044868,-0.010336977,0.2510313,0.9673799239099026,363,92928,2070.215508735,5947392
356.49,22.02,2840,0.0091807265,0.11063639,1.9960991,-0.012295544,0.23974764,0.9429710954427719,364,93184,2075.983415834,5963776
366.06,23.66,2895,0.010529046,0.10524496,1.9861121,-0.012104824,0.15547715,0.9624435342848301,365,93440,2081.642669292,5980160
375.69,24.56,2845,0.01144451,0.12666829,1.993549,-0.010653957,0.20819287,0.9610760398209095,366,93696,2087.402664875,5996544
377.84,24.35,2806,0.0073141027,0.090861,1.9981834,-0.0131489895,0.12346113,0.9733356945216656,367,93952,2093.240388405,6012928
364.96,24.11,2800,0.0126136765,0.1287028,1.9361616,-0.010395169,0.17875546,0.9677079021930695,368,94208,2099.090745822,6029312
349.35,22.31,2868,0.012043125,0.1104126,1.9364582,-0.01311265,0.19045942,0.9726018067449331,369,94464,2104.803535504,6045696
347.5,21.86,2887,0.0075006527,0.08093262,1.9715496,-0.010889406,0.19943996,0.9493033699691296,370,94720,2110.477736169,6062080
357.71,23.88,2876,0.012233213,0.13789876,1.9621286,-0.012330673,0.08383133,0.9846045263111591,371,94976,2116.173869932,6078464
357.56,23.95,2846,0.021073394,0.22444661,1.9372663,-0.009984617,0.13591805,0.9781344793736935,372,95232,2121.931441029,6094848
355.28,23.11,2843,0.021598173,0.20424397,1.9951245,-0.010844376,0.16900855,0.9573311135172844,373,95488,2127.695158365,6111232
358.7,23.12,2846,0.017931072,0.19846599,1.9475002,-0.016858384,0.14747252,0.9717957526445389,374,95744,2133.45146725,6127616
341.6,21.56,2909,0.020946244,0.19049072,1.9503936,-0.010298254,0.2139898,0.9580534063279629,375,96000,2139.083762737,6144000
350.37,21.98,2857,0.014853044,0.15555827,1.8952633,-0.009400504,0.2082975,0.9318137541413307,376,96256,2144.819072993,6160384
370.34,23.6,2896,0.012438065,0.14805095,1.9018997,-0.014607485,0.13865587,0.9569182246923447,377,96512,2150.476928823,6176768
379.36,24.36,2879,0.012181997,0.1358846,1.9060426,-0.011352262,0.21940762,0.9449600204825401,378,96768,2156.16760587,6193152
385.24,24.33,2874,0.011935352,0.13749187,1.9338049,-0.014855612,0.17055696,0.9580304212868214,379,97024,2161.868033817,6209536
391.95,24.46,2847,0.013245388,0.14229329,1.8913503,-0.01134608,0.1295443,0.9627626463770866,380,97280,2167.622877121,6225920
381.46,24.24,2796,0.012620218,0.12668864,1.9035298,-0.01583301,0.11687789,0.9724147319793701,381,97536,2173.482125852,6242304
367.16,22.98,2862,0.014360479,0.15470378,1.8692966,-0.013410218,0.13190743,0.976301608607173,382,97792,2179.206719375,6258688
358.11,23.12,2828,0.016389756,0.18365479,1.9130273,-0.014072616,0.12568843,0.9702673498541117,383,98048,2185.000907039,6275072
379.29,24.39,2680,0.0130485445,0.15010579,1.9564103,-0.011753011,0.16405946,0.9595646597445011,384,98304,2191.114374904,6291456
369.32,23.65,2803,0.011943893,0.12186686,1.9328424,-0.012940761,0.2946404,0.9262754023075104,385,98560,2196.9590920250002,6307840
367.85,22.73,2887,0.013797036,0.15370686,1.9190677,-0.014104921,0.1458447,0.9664631858468056,386,98816,2202.6339645030002,6324224
377.23,22.8,2840,0.015016202,0.16188557,1.9287199,-0.012275711,0.19907397,0.9518564529716969,387,99072,2208.4021037800003,6340608
380.53,22.67,2901,0.014456549,0.16695149,1.9679688,-0.012744795,0.14540586,0.9606915414333344,388,99328,2214.049286843,6356992
381.47,23.45,2842,0.024926491,0.21384685,2.0050685,-0.011018361,0.23174791,0.9393478445708752,389,99584,2219.812928416,6373376
371.74,22.31,2768,0.016840281,0.19606526,1.924799,-0.012480066,0.24166034,0.9499112591147423,390,99840,2225.732425792,6389760
354.82,21.24,2899,0.013317504,0.16292317,1.936272,-0.012014429,0.2797888,0.9425058588385582,391,100096,2231.382714339,6406144
331.08,19.82,2896,0.020854473,0.17767334,1.945093,-0.011113919,0.3314632,0.9306938648223877,392,100352,2237.040769213,6422528
352.27,22.45,2741,0.014857329,0.14650472,1.959436,-0.01408717,0.12199643,0.9596494920551777,393,100608,2243.017039507,6438912
369.45,24.01,2832,0.013477679,0.1237793,1.9583535,-0.017343903,0.12297813,0.9706029631197453,394,100864,2248.80308036,6455296
381.83,24.92,2843,0.013718425,0.16044109,1.9687438,-0.015346606,0.09037247,0.972620029002428,395,101120,2254.5668476640003,6471680
378.4,24.83,2874,0.015486423,0.15714519,1.9558517,-0.01682063,0.121189855,0.9610001854598522,396,101376,2260.267578592,6488064
370.42,22.78,2863,0.011883828,0.13334148,1.9884785,-0.008185905,0.27405086,0.9160293936729431,397,101632,2265.989564412,6504448
372.94,23.2,2853,0.015366484,0.16129558,2.0030196,-0.010771126,0.30931252,0.8859835490584373,398,101888,2271.7325003230003,6520832
376.05,24.22,2794,0.015699629,0.17572021,1.9746007,-0.014675648,0.22877996,0.9115106761455536,399,102144,2277.5963166720003,6537216
377.13,23.61,2871,0.016518204,0.16164143,1.9517504,-0.009255976,0.21310264,0.9188822135329247,400,102400,2283.303131825,6553600
374.51,23.26,2800,0.014815487,0.16904704,1.9127278,-0.010840148,0.20370841,0.9436534196138382,401,102656,2289.153902905,6569984
358.47,22.26,2809,0.013620075,0.13743083,1.9553722,-0.014606846,0.3275032,0.9167660623788834,402,102912,2294.986201708,6586368
343.53,20.7,2848,0.022459663,0.19484456,2.0063412,-0.013634649,0.15997294,0.9359241425991058,403,103168,2300.738195075,6602752
359.28,21.94,2940,0.01575746,0.18473308,1.988263,-0.011873902,0.2595479,0.9305875301361084,404,103424,2306.310698438,6619136
361.25,21.58,2774,0.011961338,0.13551839,1.9349985,-0.013523187,0.21086575,0.9299317896366119,405,103680,2312.215904043,6635520
363.88,23.33,2839,0.017793318,0.16538493,1.8914987,-0.013143328,0.21191211,0.9398372992873192,406,103936,2317.987582204,6651904
360.91,24.5,2803,0.015860667,0.14603679,1.9618579,-0.013578651,0.15562437,0.945087231695652,407,104192,2323.832076814,6668288
370.97,24.53,2842,0.016420636,0.18377686,1.9848307,-0.016074425,0.10347447,0.9604266546666622,408,104448,2329.596611193,6684672
384.68,25.46,2756,0.010097018,0.11024984,2.0067017,-0.013220314,0.14254786,0.9525854513049126,409,104704,2335.540317454,6701056
385.4,24.82,2858,0.0109827295,0.12438965,1.9546047,-0.012335885,0.21251173,0.9378598183393478,410,104960,2341.272178082,6717440
378.14,23.87,2827,0.01732577,0.17852783,1.9404187,-0.015032577,0.1887837,0.940341766923666,411,105216,2347.067135763,6733824
370.0,22.74,2890,0.015369999,0.17502849,1.948296,-0.012940436,0.29257533,0.9089404940605164,412,105472,2352.736934899,6750208
363.16,22.02,2813,0.014237474,0.1482544,1.9871225,-0.01233508,0.26362094,0.9008266925811768,413,105728,2358.561016075,6766592
353.68,21.69,2842,0.014360788,0.15209961,2.018942,-0.0116207665,0.18673128,0.934527188539505,414,105984,2364.325307149,6782976
351.29,21.86,2827,0.013522393,0.1618042,1.9706178,-0.01581522,0.1787932,0.9517455659806728,415,106240,2370.121270017,6799360
358.59,22.33,2810,0.012687731,0.14241536,1.9743481,-0.011378932,0.23708223,0.9229119196534157,416,106496,2375.95095674,6815744
365.31,22.79,2816,0.012377195,0.14939372,2.0320883,-0.01384854,0.21763225,0.9090273156762123,417,106752,2381.769090278,6832128
368.45,22.5,2778,0.015990838,0.1860555,1.9933842,-0.013653661,0.2621738,0.9204141274094582,418,107008,2387.66597043,6848512
363.9,22.36,2782,0.011974796,0.14070638,1.8913832,-0.009724935,0.2002642,0.9430730603635311,419,107264,2393.553954052,6864896
358.94,22.09,2804,0.011074502,0.13743083,1.9166808,-0.009199648,0.33625844,0.8244873136281967,420,107520,2399.398016765,6881280
369.77,23.56,2809,0.017332183,0.18021648,1.9896837,-0.012506801,0.15441309,0.92781101167202,421,107776,2405.231454923,6897664
381.73,24.47,2838,0.009550496,0.10207113,1.9748088,-0.013638745,0.20050174,0.9172183498740196,422,108032,2411.004305971,6914048
371.67,23.43,2810,0.015921487,0.17091878,1.9409941,-0.014196314,0.16103752,0.9271937534213066,423,108288,2416.8353451030002,6930432
365.42,22.2,2824,0.014698942,0.13110352,2.025075,-0.0125680035,0.30696398,0.8455377370119095,424,108544,2422.636727893,6946816
359.57,20.88,2881,0.011801001,0.13515218,2.046324,-0.012554732,0.3367109,0.8860984295606613,425,108800,2428.324011219,6963200
358.38,21.28,2811,0.013781362,0.13873291,2.0649698,-0.013053295,0.22903813,0.8946015313267708,426,109056,2434.15324414,6979584
367.44,21.95,2855,0.011679775,0.11905924,2.0060842,-0.013554114,0.22253257,0.8879092782735825,427,109312,2439.891730551,6995968
375.28,23.22,2856,0.015689215,0.14829509,2.014366,-0.011538054,0.16198869,0.8943083807826042,428,109568,2445.628214023,7012352
368.85,23.48,2891,0.014363392,0.16294353,1.9063839,-0.014174213,0.24416853,0.9032477140426636,429,109824,2451.29554551,7028736
378.65,23.06,2857,0.019887688,0.17584229,1.8538424,-0.012054034,0.21118951,0.9111290499567986,430,110080,2457.0295816020002,7045120
362.15,21.9,2794,0.017809344,0.1608073,1.9534751,-0.011002944,0.256372,0.919418677687645,431,110336,2462.892921698,7061504
352.05,21.64,2898,0.013331381,0.13370769,1.9137402,-0.011286475,0.16315387,0.9353035762906075,432,110592,2468.5472355320003,7077888
350.02,21.3,2752,0.017747592,0.15529378,1.9271626,-0.011217392,0.23653235,0.9260628372430801,433,110848,2474.501060256,7094272
364.52,22.03,2827,0.012618865,0.11564127,1.8971553,-0.013206336,0.14664958,0.8961792439222336,434,111104,2480.296766072,7110656
369.61,23.69,2864,0.013516546,0.12786865,1.9635563,-0.012924865,0.2112268,0.9297933727502823,435,111360,2486.016851845,7127040
358.65,23.0,2814,0.016534736,0.1799113,2.029493,-0.014883292,0.11524484,0.9479001797735691,436,111616,2491.838452089,7143424
361.18,22.33,2763,0.017354297,0.1463623,1.9784392,-0.009074257,0.17382382,0.9222095012664795,437,111872,2497.768763586,7159808
381.97,23.59,2870,0.009160516,0.10182699,1.8990613,-0.013932954,0.23430945,0.9154020994901657,438,112128,2503.4769153810003,7176192
382.7,22.36,2805,0.015087067,0.1484782,1.9811867,-0.011431608,0.33887962,0.8216857612133026,439,112384,2509.318306858,7192576
380.12,22.83,2773,0.00985167,0.11920166,2.0221226,-0.013733027,0.25512764,0.8714046627283096,440,112640,2515.226433251,7208960
359.79,20.92,2720,0.016104953,0.1437378,2.011907,-0.016377456,0.5336727,0.7344597578048706,441,112896,2521.249327236,7225344
358.63,20.48,2839,0.01003221,0.12194824,1.9779172,-0.011597759,0.22563148,0.900783434510231,442,113152,2527.020065148,7241728
380.57,23.63,2866,0.0102202175,0.12325033,2.069525,-0.014084209,0.19551007,0.897770568728447,443,113408,2532.736510586,7258112
382.32,24.05,2885,0.011210664,0.13081868,2.0809834,-0.013502394,0.29675537,0.877812035381794,444,113664,2538.415016854,7274496
372.09,22.53,2846,0.019789414,0.17008464,1.9962813,-0.013816136,0.1954268,0.9202441200613976,445,113920,2544.1718285740003,7290880
370.54,21.79,2715,0.010044312,0.104166664,1.9884348,-0.015458528,0.24035227,0.9006684347987175,446,114176,2550.206971635,7307264
371.41,22.16,2849,0.020207094,0.1564331,1.9986787,-0.017612418,0.12605597,0.9183111041784286,447,114432,2555.9584429300003,7323648
378.35,23.25,2818,0.017251665,0.16825359,1.9847989,-0.009453832,0.20998009,0.9066768810153008,448,114688,2561.773402093,7340032
369.31,22.97,2891,0.016574442,0.15250652,2.048755,-0.010838856,0.25340745,0.814448356628418,449,114944,2567.440199527,7356416
371.98,24.22,2842,0.014842376,0.17411296,2.051285,-0.009958333,0.17162083,0.9102326035499573,450,115200,2573.204570769,7372800
389.7,25.96,2731,0.018719288,0.17016602,1.9914049,-0.008911331,0.173396,0.9085065200924873,451,115456,2579.203111139,7389184
395.48,26.21,2783,0.013246751,0.1272583,1.974194,-0.013017221,0.12189608,0.9346944615244865,452,115712,2585.089043195,7405568
391.64,26.93,2829,0.015763022,0.15146892,1.9845886,-0.010153917,0.120888,0.9235745817422867,453,115968,2590.881205272,7421952
382.17,25.86,2813,0.012749754,0.12587483,2.05661,-0.01540056,0.12186015,0.925151139497757,454,116224,2596.705934986,7438336
382.68,24.58,2729,0.013191975,0.140625,2.0126975,-0.013922676,0.19559176,0.9083758443593979,455,116480,2602.709853899,7454720
388.36,24.57,2852,0.018021375,0.17014568,2.036023,-0.012238507,0.13185592,0.9263125211000443,456,116736,2608.454794907,7471104
378.75,24.2,2817,0.014028977,0.15012614,1.999754,-0.01114709,0.2045414,0.9105453342199326,457,116992,2614.271395773,7487488
376.0,24.3,2831,0.015979927,0.1675415,2.0240319,-0.014430791,0.20711397,0.9018769934773445,458,117248,2620.0595211180002,7503872
367.59,24.2,2827,0.01690238,0.13085938,1.9937102,-0.01503554,0.18590142,0.9272617325186729,459,117504,2625.854514486,7520256
355.64,23.41,2882,0.015129451,0.16892497,2.0613,-0.01911807,0.1419474,0.941739697009325,460,117760,2631.5401619550003,7536640
365.62,24.16,2901,0.01893319,0.18048096,2.0427804,-0.011319272,0.14510015,0.9263428971171379,461,118016,2637.1886977560002,7553024
368.59,24.48,2842,0.018016182,0.17704265,1.9772335,-0.013888594,0.20017631,0.9037100672721863,462,118272,2642.953013439,7569408
372.76,24.44,2923,0.016258534,0.16147868,2.0342348,-0.010560182,0.16717996,0.8951582238078117,463,118528,2648.559063946,7585792
388.93,25.45,2888,0.018787311,0.17311604,1.9983039,-0.00934822,0.16808295,0.9091678187251091,464,118784,2654.232867234,7602176
394.7,25.48,2951,0.010673617,0.12487793,2.0568235,-0.013448127,0.23365663,0.8303353786468506,465,119040,2659.785474368,7618560
391.48,25.2,2901,0.0063219746,0.06774902,2.076712,-0.011685062,0.2406745,0.8954616039991379,466,119296,2665.4335654300003,7634944
385.56,26.01,2831,0.014086922,0.14770508,2.026408,-0.02170618,0.047007468,0.9781943205744028,467,119552,2671.2209846650003,7651328
385.49,26.65,2833,0.020575903,0.17118327,2.0021074,-0.010233609,0.18241946,0.920424222946167,468,119808,2677.003296638,7667712
374.66,25.01,2868,0.014535342,0.15344238,2.0252934,-0.011315677,0.22155142,0.8602280169725418,469,120064,2682.7157190860003,7684096
374.24,24.19,2893,0.013880947,0.12892659,2.0323932,-0.013854864,0.12592278,0.9390626102685928,470,120320,2688.379374227,7700480
385.48,25.53,2891,0.012947564,0.13338216,2.0283675,-0.015692143,0.109000295,0.9402521625161171,471,120576,2694.0472883420002,7716864
374.72,24.05,2882,0.0124508785,0.1276652,1.9544779,-0.009688114,0.21933621,0.9235588982701302,472,120832,2699.732700541,7733248
373.91,23.95,2853,0.012972817,0.13716634,1.94004,-0.013466687,0.16001172,0.9176805913448334,473,121088,2705.475203174,7749632
383.68,26.07,2834,0.010468074,0.123942055,1.9537916,-0.016198425,0.10800931,0.9459101483225822,474,121344,2711.256736458,7766016
390.54,26.32,2879,0.011652826,0.14121501,2.014919,-0.011422742,0.09903979,0.9439879171550274,475,121600,2716.946722624,7782400
390.93,26.61,2766,0.015530005,0.18448894,2.0360942,-0.0130452365,0.15958555,0.9146594777703285,476,121856,2722.870876793,7798784
395.2,26.63,2911,0.010325673,0.12270101,2.0100286,-0.012827381,0.1618156,0.9132325500249863,477,122112,2728.499488129,7815168
380.31,24.82,2936,0.012034026,0.14711507,1.9752674,-0.0118327,0.20576131,0.9291655793786049,478,122368,2734.0805031990003,7831552
363.66,23.36,2889,0.011137679,0.12455241,1.9572703,-0.015319797,0.12969318,0.9626046866178513,479,122624,2739.752479184,7847936
366.68,23.92,2877,0.008472991,0.09816488,1.9966844,-0.00981712,0.16469453,0.9295053482055664,480,122880,2745.447126047,7864320
392.62,26.9,2862,0.012124947,0.0970459,1.9755841,-0.010153017,0.16927291,0.9325061962008476,481,123136,2751.171088569,7880704
381.88,23.97,2747,0.0065695955,0.060017902,1.9801797,-0.011039744,0.39144066,0.8935701549053192,482,123392,2757.1355734900003,7897088
375.03,22.56,2856,0.008434196,0.07655843,2.0038552,-0.0111848945,0.13664708,0.9684523642063141,483,123648,2762.872063378,7913472
376.58,23.47,2905,0.008620128,0.09649658,1.9985319,-0.012062994,0.1429039,0.9556837640702724,484,123904,2768.512944673,7929856
379.43,23.77,2773,0.0073469672,0.078186035,1.9677714,-0.011012525,0.1680078,0.9468702115118504,485,124160,2774.421554659,7946240
388.71,24.69,2761,0.014378528,0.15098064,2.003868,-0.007669859,0.21237904,0.9194653034210205,486,124416,2780.355060105,7962624
398.43,25.89,2826,0.010718171,0.13053386,2.002826,-0.01711413,0.09256031,0.9619657509028912,487,124672,2786.152721036,7979008
391.0,24.92,2871,0.014960014,0.15187581,1.9690204,-0.0121452445,0.16523439,0.9503236263990402,488,124928,2791.860128531,7995392
387.57,24.62,2892,0.011328101,0.1155599,1.9463075,-0.011350569,0.21072741,0.9082692116498947,489,125184,2797.524440478,8011776
389.36,24.91,2828,0.0128165595,0.14280193,2.0203893,-0.013627517,0.18140459,0.9134776294231415,490,125440,2803.317636371,8028160
383.23,25.43,2907,0.01876946,0.16872151,1.9956003,-0.012647455,0.17892669,0.9079585298895836,491,125696,2808.952812289,8044544
376.39,24.99,2764,0.01013415,0.112223305,2.011986,-0.012198616,0.29015124,0.8745759576559067,492,125952,2814.8794356890003,8060928
377.64,23.62,2749,0.010500644,0.10917155,2.012291,-0.011685331,0.29553434,0.8746787160634995,493,126208,2820.840078498,8077312
373.73,22.79,2868,0.011062439,0.13924153,1.9897484,-0.011049169,0.26307175,0.9369573593139648,494,126464,2826.5526264150003,8093696
374.22,23.32,2809,0.007864793,0.07991537,2.0060358,-0.010199799,0.19235379,0.9415337704122066,495,126720,2832.384146083,8110080
385.69,24.77,2834,0.0063857553,0.07045492,1.9961058,-0.012229913,0.23728085,0.8909062594175339,496,126976,2838.164227242,8126464
380.66,25.05,2862,0.009228092,0.08583578,1.9326881,-0.012818918,0.11960459,0.957775816321373,497,127232,2843.889396015,8142848
391.27,26.15,2797,0.008900532,0.09177653,1.9644189,-0.009011048,0.18277198,0.9420817792415619,498,127488,2849.74819115,8159232
378.97,26.13,2861,0.020367173,0.16105144,1.9968923,-0.004746423,0.22789766,0.9280322790145874,499,127744,2855.475270807,8175616
374.82,24.78,2863,0.008786924,0.100748695,2.0144894,-0.011827822,0.13214073,0.9588719494640827,500,128000,2861.197408168,8192000
394.15,27.17,2846,0.012122843,0.13749187,1.9760348,-0.010843396,0.12087735,0.9303824827075005,501,128256,2866.954885953,8208384
400.82,28.02,2886,0.008130822,0.09999593,1.9946231,-0.012196413,0.10420969,0.9590801186859608,502,128512,2872.6318270330003,8224768
393.43,27.47,2808,0.010917752,0.12587483,1.9638292,-0.007570352,0.19998044,0.9318573847413063,503,128768,2878.4673630770003,8241152
385.83,26.79,2883,0.019917868,0.20981853,1.9773272,-0.016077476,0.0747157,0.9701868239790201,504,129024,2884.150420579,8257536
384.4,26.3,2892,0.013551288,0.13804118,2.0171607,-0.010708064,0.15624182,0.944151796400547,505,129280,2889.8163391880003,8273920
373.81,25.08,2781,0.010740098,0.12697347,1.9786202,-0.012564526,0.23085457,0.8746882081031799,506,129536,2895.7081517320003,8290304
385.7,26.4,2848,0.009820216,0.117879234,1.9680414,-0.013211633,0.12001762,0.939036387950182,507,129792,2901.4617590020002,8306688
395.85,27.18,2843,0.01005602,0.1233724,1.9836968,-0.0131159285,0.11526308,0.9396701827645302,508,130048,2907.223910002,8323072
402.59,27.74,2888,0.009732616,0.11405436,1.9253392,-0.013506877,0.09773577,0.9585479088127613,509,130304,2912.896289478,8339456
405.38,27.81,2880,0.009425699,0.113972984,1.9579493,-0.018655717,0.06677676,0.964175958186388,510,130560,2918.585081737,8355840
407.63,27.78,2963,0.009103104,0.110961914,1.9756904,-0.01791036,0.065910965,0.9743383098393679,511,130816,2924.114473266,8372224
399.19,26.38,2742,0.012865565,0.09364828,1.925887,-0.010638024,0.30707678,0.9009406715631485,512,131072,2930.090702247,8388608
384.69,25.24,2877,0.012804049,0.13598633,1.9620456,-0.011734345,0.18456347,0.9363844245672226,513,131328,2935.786180912,8404992
378.79,25.72,2891,0.0129800355,0.15777588,1.9452461,-0.009364416,0.17931426,0.9583830609917641,514,131584,2941.452724655,8421376
387.73,25.78,2789,0.010690208,0.123677574,1.968758,-0.013402823,0.17306125,0.9229808896780014,515,131840,2947.326821064,8437760
391.17,25.35,2911,0.010248164,0.10984293,2.0017734,-0.013817291,0.18044187,0.9174191579222679,516,132096,2952.954257237,8454144
387.73,25.74,2846,0.009880082,0.09977213,1.9953963,-0.0117581375,0.2337101,0.9284291863441467,517,132352,2958.7121613570002,8470528
386.57,26.57,2866,0.013394329,0.12386068,2.0075583,-0.010919891,0.07478543,0.9690612498670816,518,132608,2964.428710479,8486912
388.13,26.69,2811,0.011735574,0.12978108,1.9871222,-0.013916273,0.15110138,0.9633654244244099,519,132864,2970.257962011,8503296
384.94,25.83,2927,0.018917723,0.16308594,1.9908333,-0.011898722,0.12186582,0.9528202414512634,520,133120,2975.854589033,8519680
389.81,26.43,2896,0.012642249,0.091552734,1.9950687,-0.009370827,0.18686362,0.9252832233905792,521,133376,2981.512123472,8536064
395.35,27.14,2836,0.0063732886,0.06315104,1.9905373,-0.011490409,0.13640882,0.9506825841963291,522,133632,2987.290044238,8552448
386.47,26.25,2903,0.0073807575,0.0732015,1.9552938,-0.011828077,0.11566911,0.9693237040191889,523,133888,2992.934435173,8568832
401.89,27.11,2809,0.0067353225,0.07757568,1.9445934,-0.01292197,0.14954756,0.9599923491477966,524,134144,2998.767437085,8585216
401.98,26.7,2867,0.0082694115,0.08605957,1.9551255,-0.01044517,0.19956613,0.9476182796061039,525,134400,3004.481459099,8601600
397.85,26.93,2917,0.008216288,0.0853068,1.9967517,-0.010338551,0.10933038,0.9702432285994291,526,134656,3010.098880759,8617984
395.99,27.47,2833,0.010061627,0.0954183,1.9573585,-0.011578011,0.1982075,0.94359340518713,527,134912,3015.8825309470003,8634368
400.12,27.93,2815,0.00725627,0.082336426,1.9728974,-0.01148235,0.10736231,0.9699836168438196,528,135168,3021.703510787,8650752
404.08,27.54,2801,0.009193984,0.10420736,1.9159468,-0.013722304,0.085581034,0.981919277459383,529,135424,3027.551712287,8667136
402.06,27.59,2887,0.0075589274,0.0774943,1.9685172,-0.011184436,0.17850201,0.9357942268252373,530,135680,3033.227448909,8683520
394.88,26.06,2813,0.008933053,0.09484863,1.989214,-0.013059531,0.14472608,0.9735184032469988,531,135936,3039.052084665,8699904
406.3,27.52,2882,0.008122403,0.09509277,1.9628669,-0.013054592,0.079291254,0.9760744031518698,532,136192,3044.737129897,8716288
400.73,27.67,2809,0.007710019,0.08959961,1.934857,-0.014191297,0.08120493,0.9769651405513287,533,136448,3050.569491784,8732672
393.76,28.53,2821,0.01302307,0.10522461,1.9713353,-0.009411909,0.24474287,0.9126570820808411,534,136704,3056.377225535,8749056
390.7,28.32,2853,0.018634954,0.16440837,1.9909428,-0.012931409,0.13137221,0.960360910743475,535,136960,3062.119477178,8765440
393.06,26.86,2794,0.011930305,0.13193767,1.9744173,-0.014314503,0.12491951,0.969569643959403,536,137216,3067.9827507570003,8781824
406.87,27.93,2838,0.01956494,0.18261719,1.9949607,-0.011509985,0.12433817,0.9671372473239899,537,137472,3073.756426795,8798208
394.8,26.18,2854,0.016024085,0.18924968,1.9955736,-0.011958185,0.11357758,0.9651319868862629,538,137728,3079.496199173,8814592
372.58,24.58,2834,0.017783973,0.17443848,1.9500018,-0.009926485,0.23591882,0.9240259379148483,539,137984,3085.277481216,8830976
372.39,25.34,2873,0.013492043,0.15006511,1.8977314,-0.01440429,0.11110728,0.9607771672308445,540,138240,3090.9795649830003,8847360
383.94,26.98,2543,0.018168477,0.19191487,1.9135776,-0.018477298,0.06932048,0.9779092073440552,541,138496,3097.42201234,8863744
385.8,27.58,2778,0.013661935,0.150472,1.9825377,-0.012187395,0.105910994,0.9604671895503998,542,138752,3103.31851767,8880128
385.76,27.17,2807,0.014748211,0.16845703,2.0066607,-0.012757317,0.11454166,0.9527676738798618,543,139008,3109.154819445,8896512
394.47,27.57,2794,0.016642598,0.15618896,1.9588007,-0.0151091665,0.10153061,0.9536438174545765,544,139264,3115.017442507,8912896
399.14,28.34,2860,0.021810189,0.18904622,1.9608178,-0.012202322,0.13102883,0.9467152878642082,545,139520,3120.746059788,8929280
386.94,27.19,2910,0.013356086,0.14823405,2.0288231,-0.010952667,0.12613131,0.9351194351911545,546,139776,3126.375759645,8945664
391.68,27.0,2820,0.015076324,0.15026855,2.0055149,-0.009798643,0.13114943,0.9435875341296196,547,140032,3132.186125111,8962048
393.37,27.09,2863,0.015530236,0.18334961,1.9766612,-0.014813978,0.1407837,0.9481188841164112,548,140288,3137.908831478,8978432
383.69,25.35,2884,0.016947044,0.16888428,1.9945666,-0.012443073,0.19599175,0.8918690904974937,549,140544,3143.589894525,8994816
398.4,26.63,2869,0.009991563,0.12121582,2.0472252,-0.014643583,0.12038056,0.9398399628698826,550,140800,3149.299277615,9011200
400.91,26.82,2906,0.010020298,0.11193848,2.0331328,-0.013335337,0.1465613,0.9141896888613701,551,141056,3154.9360244570003,9027584
396.15,27.31,2819,0.017230107,0.1227417,2.0001538,-0.013725005,0.09883988,0.9674260020256042,552,141312,3160.747911707,9043968
387.02,26.57,2900,0.012914964,0.14534505,2.037998,-0.010733824,0.15888,0.9255274683237076,553,141568,3166.397319339,9060352
383.18,26.75,2830,0.009479235,0.10058594,2.0328367,-0.0067528654,0.17242987,0.9037168249487877,554,141824,3172.187619075,9076736
401.21,28.53,2847,0.009167694,0.10304769,2.047475,-0.008181803,0.14486043,0.9576989598572254,555,142080,3177.943080509,9093120
390.46,26.83,2843,0.00846131,0.092549644,2.0367727,-0.008269953,0.24097635,0.9056350439786911,556,142336,3183.706467549,9109504
381.67,25.23,2858,0.010259765,0.09942627,2.002314,-0.011552103,0.1808844,0.9465143233537674,557,142592,3189.438328476,9125888
385.88,26.17,2874,0.012405414,0.13787842,2.0159936,-0.013582717,0.13667254,0.9316624253988266,558,142848,3195.139949347,9142272
401.92,26.77,2898,0.0156513,0.17336018,2.0286758,-0.013665873,0.1489709,0.9219272434711456,559,143104,3200.793534922,9158656
401.38,26.9,2846,0.00993127,0.11897787,2.0471082,-0.01404276,0.114792466,0.9120571911334991,560,143360,3206.549584852,9175040
406.48,28.02,2893,0.010761618,0.12943523,2.0515857,-0.013570968,0.123121224,0.9267153441905975,561,143616,3212.212064116,9191424
400.59,26.55,2878,0.009522564,0.10882568,2.0305102,-0.013499414,0.20910643,0.901798814535141,562,143872,3217.905785992,9207808
396.21,25.9,2724,0.009680678,0.11175537,2.040195,-0.012824324,0.25956136,0.878731332719326,563,144128,3223.920092036,9224192
376.94,25.06,2646,0.017468307,0.14573161,2.0176413,-0.0060719815,0.29112756,0.8808573782444,564,144384,3230.1106124830003,9240576
375.51,24.96,2961,0.014507717,0.14562988,2.043527,-0.010146433,0.16868436,0.912017822265625,565,144640,3235.643783024,9256960
383.0,25.46,3101,0.014367491,0.13979085,2.0442712,-0.013023016,0.14451627,0.9430357925593853,566,144896,3240.9274876590002,9273344
378.43,25.19,2976,0.012680042,0.13928223,2.0401936,-0.0094764745,0.21827002,0.9037548303604126,567,145152,3246.4329879790002,9289728
380.52,25.65,2778,0.007014636,0.071756996,2.0631464,-0.01345111,0.1272742,0.9526240490376949,568,145408,3252.330818435,9306112
391.87,26.69,2769,0.00909742,0.10687256,2.020449,-0.015375198,0.05818105,0.9759389087557793,569,145664,3258.247743707,9322496
388.86,25.9,2850,0.011612829,0.124938965,2.0210388,-0.015392236,0.10836045,0.9662163332104683,570,145920,3263.9958666360003,9338880
387.7,25.3,2850,0.018380174,0.18023682,2.012006,-0.0077519026,0.18971838,0.91700629144907,571,146176,3269.743736529,9355264
384.81,25.28,2884,0.019954268,0.18001302,2.0136802,-0.010137894,0.13999279,0.9149241298437119,572,146432,3275.424967715,9371648
389.0,26.3,2817,0.013663039,0.1527303,2.0140421,-0.009713181,0.22515614,0.8634848892688751,573,146688,3281.24030091,9388032
382.58,26.08,2902,0.016662838,0.14750163,2.0047028,-0.012637611,0.2536517,0.8702831715345383,574,146944,3286.8851741940002,9404416
378.91,25.66,2878,0.010031785,0.10563151,2.0446012,-0.010775245,0.18618625,0.9157557040452957,575,147200,3292.5782400000003,9420800
383.17,25.44,2875,0.0075907283,0.08363851,2.043183,-0.010737811,0.1302529,0.9115379378199577,576,147456,3298.277152526,9437184
388.92,26.37,2902,0.012459736,0.13378906,2.045121,-0.011000407,0.15363254,0.9388179033994675,577,147712,3303.922222214,9453568
391.68,26.58,2904,0.017353462,0.17529297,2.0423071,-0.015373348,0.07406243,0.9664543271064758,578,147968,3309.564333106,9469952
394.07,26.7,2804,0.013713547,0.14760335,2.0262847,-0.013754739,0.11634052,0.9479626379907131,579,148224,3315.407410784,9486336
397.44,26.92,2792,0.016109569,0.16412354,2.0022187,-0.008083172,0.18621296,0.9301958382129669,580,148480,3321.276566115,9502720
401.62,27.86,2740,0.015523605,0.18475342,2.026308,-0.02312558,0.04248205,0.9785231743007898,581,148736,3327.255481687,9519104
397.95,27.38,2819,0.014308124,0.14707439,2.051953,-0.0103961155,0.21213393,0.895959734916687,582,148992,3333.0674633910003,9535488
394.08,27.22,2703,0.010227694,0.12506104,2.0348127,-0.012433427,0.07238085,0.969956399872899,583,149248,3339.129603811,9551872
375.84,25.43,2802,0.007236644,0.0758667,2.0129733,-0.0105612865,0.18573141,0.91807571798563,584,149504,3344.976829056,9568256
389.96,26.22,2660,0.009552757,0.088663734,2.026495,-0.011173528,0.2702752,0.8909141942858696,585,149760,3351.136647842,9584640
397.95,27.51,2654,0.012130407,0.1362915,2.032457,-0.0141899735,0.073601454,0.9512826278805733,586,150016,3357.3097542200003,9601024
407.6,28.91,2835,0.017450176,0.16597493,2.0217311,-0.016489616,0.067460135,0.9725607819855213,587,150272,3363.0893097480002,9617408
403.83,28.57,2947,0.013114526,0.15305583,2.0498998,-0.011282812,0.09960709,0.9201415553689003,588,150528,3368.649662141,9633792
397.14,27.34,2860,0.01234264,0.13191731,2.0474825,-0.014345107,0.1278552,0.9103376492857933,589,150784,3374.3789769140003,9650176
396.93,27.46,2928,0.017049696,0.17891438,2.0169609,-0.0110626705,0.15026246,0.9356952235102654,590,151040,3379.974453275,9666560
401.32,27.31,2902,0.01808797,0.18137614,2.0044887,-0.012134306,0.08584093,0.9502998255193233,591,151296,3385.619838681,9682944
406.76,28.01,2914,0.014452233,0.17777507,2.0130136,-0.019302862,0.04729413,0.9680641479790211,592,151552,3391.2425636840003,9699328
403.88,27.83,2868,0.0154350065,0.15777588,2.0002239,-0.013884445,0.09960639,0.9613727405667305,593,151808,3396.955908275,9715712
